product_id,avg_rating,total_reviews,predicted_sentiment,positive_rating_pct
P420652,4.327302953256405,10226,positive,80.76
P427421,3.9649079754601226,4075,positive,69.84
P450271,4.494983277591973,3887,positive,86.18
P417238,4.494983277591973,3887,positive,86.18
P269122,4.597003154574132,3804,positive,92.64
P427417,4.235388310648519,3747,positive,80.04
P411387,4.195027624309392,3620,positive,76.71
P441644,4.196235815112095,3613,positive,76.75
P394639,4.47546958228203,3567,positive,87.3
P411540,3.944215530903328,3155,positive,69.48
P423688,4.695273214884344,2983,positive,93.8
P443352,4.695273214884344,2983,positive,93.8
P471546,3.965679676985195,2972,positive,70.19
P429952,4.032542372881356,2950,positive,73.56
P480630,4.032542372881356,2950,positive,73.56
P421275,4.197844228094576,2876,positive,79.62
P309308,4.366265965439519,2662,positive,83.77
P418218,3.9960567823343847,2536,positive,70.47
P454794,3.9960567823343847,2536,positive,70.47
P460779,4.470347648261758,2445,positive,90.06
P427419,4.173543173117822,2351,positive,77.88
P433520,4.393272962483829,2319,positive,85.73
P443563,4.3854796888504755,2314,positive,83.23
P394624,4.600523331879634,2293,positive,91.02
P456412,4.570864414216762,2279,positive,90.79
P7880,4.299815498154982,2168,positive,80.86
P442563,4.571964369432724,2133,positive,89.22
P458219,4.411320754716981,2120,positive,84.95
P467762,4.411320754716981,2120,positive,84.95
P441101,4.086067522586781,2103,positive,73.04
P454380,4.2425978987583575,2094,positive,78.03
P470255,4.24223602484472,2093,positive,78.02
P480612,4.457431457431458,2079,positive,90.14
P431180,3.9568567026194144,1947,positive,71.19
P439061,4.209902011346054,1939,positive,80.51
P481084,4.369359916054565,1906,positive,86.52
P479839,4.369359916054565,1906,positive,86.52
P430337,4.34796573875803,1868,positive,83.94
P427406,4.37439742903053,1867,positive,83.99
P455364,3.5905598243688255,1822,positive,59.82
P478030,3.5905598243688255,1822,positive,59.82
P456398,4.510731975784259,1817,positive,89.65
P422905,4.480577136514984,1802,positive,88.12
P426836,3.9295695919508105,1789,positive,69.82
P411403,4.648495173197047,1761,positive,93.7
P409800,4.284893739230327,1741,positive,81.05
P456207,4.395294117647059,1700,positive,87.0
P392246,4.38777979431337,1653,positive,83.85
P422510,4.479166666666667,1632,positive,86.52
P421996,4.479166666666667,1632,positive,86.52
P442840,4.303405572755418,1615,positive,79.5
P479860,4.303405572755418,1615,positive,79.5
P375849,4.093984962406015,1596,positive,75.63
P426183,4.094043887147335,1595,positive,75.61
P473160,4.4569620253164555,1580,positive,87.34
P415771,4.4569620253164555,1580,positive,87.34
P126301,4.434865900383142,1566,positive,84.8
P453816,4.434865900383142,1566,positive,84.8
P461555,4.36480411046885,1557,positive,81.63
P440307,4.36480411046885,1557,positive,81.63
P415777,4.250965250965251,1554,positive,79.67
P504595,4.52477183833116,1534,positive,88.2
P461537,4.52477183833116,1534,positive,88.2
P270594,4.591058514135438,1521,positive,90.73
P461160,4.074025115664243,1513,positive,74.42
P461933,4.074025115664243,1513,positive,74.42
P461159,4.074025115664243,1513,positive,74.42
P427536,4.149501661129568,1505,positive,76.35
P504615,4.149501661129568,1505,positive,76.35
P456213,4.532885906040269,1490,positive,89.6
P459299,4.532885906040269,1490,positive,89.6
P458216,4.2487972508591065,1455,positive,80.14
P455676,4.2487972508591065,1455,positive,80.14
P248407,4.282913165266106,1428,positive,79.69
P421235,4.284188034188034,1404,positive,82.55
P466123,4.4421279654924515,1391,positive,85.69
P432668,4.432063263838965,1391,positive,84.97
P433887,4.225341972642188,1389,positive,80.2
P422536,4.384282624369142,1387,positive,84.35
P432829,4.339402767662054,1373,positive,80.63
P463371,4.339402767662054,1373,positive,80.63
P406712,4.168514412416852,1353,positive,76.87
P421243,4.169924812030075,1330,positive,76.02
P427414,4.116833205226748,1301,positive,74.94
P434548,4.32409545804465,1299,positive,82.22
P462699,4.415704387990762,1299,positive,84.6
P427416,3.794573643410853,1290,positive,66.36
P475908,4.440559440559441,1287,positive,85.86
P456218,4.08034321372855,1282,positive,74.49
P446930,4.474137931034483,1276,positive,87.07
P446938,4.160629921259843,1270,positive,77.09
P248404,4.359550561797753,1246,positive,82.18
P428819,4.018790849673203,1224,positive,71.9
P460512,4.398687448728466,1219,positive,84.91
P443845,4.411567476948869,1193,positive,85.16
P448207,4.429051217464315,1191,positive,87.57
P447791,4.133333333333334,1185,positive,77.05
P471237,4.6132315521628495,1179,positive,90.75
P500701,4.403780068728523,1164,positive,87.29
P453253,4.233156028368795,1128,positive,80.23
P479734,4.32437275985663,1116,positive,86.65
P476414,4.672398190045249,1105,positive,93.67
P468351,4.292660550458716,1090,positive,83.85
P500633,4.812210915818686,1081,positive,97.32
P410400,4.172446110590441,1067,positive,77.41
P440312,4.493896713615023,1065,positive,86.2
P94421,4.297652582159625,1065,positive,81.13
P448203,4.3746452223273415,1057,positive,85.9
P415619,4.380362249761678,1049,positive,85.89
P442566,3.7270992366412212,1048,positive,61.64
P427420,4.134486071085495,1041,positive,76.56
P403818,3.6721311475409837,1037,positive,59.31
P427415,4.396135265700483,1035,positive,83.96
P424948,4.005830903790088,1029,positive,74.73
P447780,4.126223091976517,1022,positive,75.73
P429242,4.698334965719883,1021,positive,94.42
P428250,3.973529411764706,1020,positive,73.24
P400207,4.134445534838076,1019,positive,76.25
P473322,4.583497053045186,1018,positive,91.45
P439058,4.192913385826771,1016,positive,77.76
P433435,3.8853439680957127,1003,positive,69.29
P422000,4.008040201005025,995,positive,72.26
P411388,4.075604838709677,992,positive,72.98
P474938,4.356205852674067,991,positive,83.96
P416563,4.342451874366768,987,positive,83.89
P431848,4.587090163934426,976,positive,90.98
P500718,4.229508196721311,976,positive,83.09
P466155,4.686858316221766,974,positive,94.15
P456392,4.556016597510373,964,positive,88.28
P418346,4.002087682672234,958,positive,71.92
P447592,4.501570680628272,955,positive,90.26
P443840,3.9779411764705883,952,positive,73.0
P443833,4.391806722689076,952,positive,85.5
P458209,4.125131440588854,951,positive,74.97
P470529,4.464699683877766,949,positive,85.77
P399623,3.904008438818565,948,positive,68.14
P173726,4.770855332629356,947,positive,93.77
P297516,4.276595744680851,940,positive,80.85
P453825,4.425965665236052,932,positive,87.77
P439055,4.569429494079656,929,positive,91.17
P426501,4.031521739130435,920,positive,72.93
P416341,4.031521739130435,920,positive,72.93
P429515,3.7247007616974974,919,positive,63.55
P297524,4.375136314067611,917,positive,85.61
P482320,3.890710382513661,915,positive,68.2
P460516,4.214676889375685,913,positive,78.42
P392245,4.266075388026607,902,positive,79.16
P454018,4.430493273542601,892,positive,88.12
P415701,4.20314253647587,891,positive,77.44
P393718,4.05518018018018,888,positive,73.42
P481989,3.766248574686431,877,positive,63.97
P465368,4.202285714285714,875,positive,78.74
P467038,4.222857142857142,875,positive,79.2
P428095,4.202285714285714,875,positive,78.74
P482739,4.467428571428571,875,positive,88.23
P434545,4.271264367816092,870,positive,84.14
P473267,4.274193548387097,868,positive,84.33
P54509,4.592120509849362,863,positive,92.0
P466142,4.640787949015063,863,positive,94.09
P439926,4.1395348837209305,860,positive,77.21
P474953,4.371929824561404,855,positive,87.02
P476513,4.371929824561404,855,positive,87.02
P419222,3.2992957746478875,852,positive,49.65
P427413,4.571597633136094,845,positive,89.82
P422430,4.5870348139255706,833,positive,91.36
P500472,4.479268292682927,820,positive,85.37
P479327,4.479268292682927,820,positive,85.37
P463036,4.409035409035409,819,positive,83.03
P445827,4.133414932680538,817,positive,77.23
P443350,4.553921568627451,816,positive,89.95
P423148,4.553921568627451,816,positive,89.95
P462336,4.48019801980198,808,positive,91.34
P448937,4.115527950310559,805,positive,78.01
P472028,4.453865336658354,802,positive,89.03
P302103,4.142322097378277,801,positive,75.78
P446421,4.295880149812734,801,positive,83.4
P468658,4.66375,800,positive,92.62
P453225,3.711949685534591,795,positive,61.01
P456208,4.291666666666667,792,positive,82.83
P459301,4.291666666666667,792,positive,82.83
P471535,4.552030456852792,788,positive,90.61
P469502,4.4832904884318765,778,positive,85.86
P442858,4.452196382428941,774,positive,88.37
P431181,3.7094682230869003,771,positive,63.29
P482742,4.6566579634464755,766,positive,93.6
P415237,4.169934640522876,765,positive,77.25
P455236,4.614980289093299,761,positive,91.2
P415747,4.074901445466492,761,positive,72.67
P427397,4.606578947368421,760,positive,91.45
P411539,4.361001317523057,759,positive,83.66
P467602,4.575757575757576,759,positive,91.57
P421277,4.011904761904762,756,positive,73.28
P503191,4.575396825396825,756,positive,89.55
P474377,4.575396825396825,756,positive,89.55
P392235,4.446949602122016,754,positive,84.48
P278317,4.328,750,positive,83.33
P473820,4.356091030789826,747,positive,86.48
P427410,3.53887399463807,746,positive,59.38
P442594,4.141318977119784,743,positive,76.04
P443842,4.384303112313938,739,positive,85.12
P379510,4.4375,736,positive,86.82
P445951,4.219178082191781,730,positive,78.36
P421998,4.219178082191781,730,positive,78.36
P430146,4.537931034482758,725,positive,87.72
P456211,4.0917941585535464,719,positive,72.88
P459300,4.0917941585535464,719,positive,72.88
P456566,3.9442896935933147,718,positive,71.17
P417936,4.110181311018131,717,positive,75.73
P416816,4.17671809256662,713,positive,77.42
P436359,3.785413744740533,713,positive,63.96
P455927,4.280281690140845,710,positive,81.97
P479841,4.798591549295774,710,positive,97.04
P455926,4.280281690140845,710,positive,81.97
P455936,4.335219236209335,707,positive,80.91
P462347,4.2727272727272725,704,positive,82.81
P433444,4.683238636363637,704,positive,94.89
P460515,4.2727272727272725,704,positive,82.81
P454838,3.871977240398293,703,positive,69.84
P500757,4.032857142857143,700,positive,75.71
P472050,4.424892703862661,699,positive,90.41
P454120,4.176724137931035,696,positive,77.01
P458755,4.2043478260869565,690,positive,79.42
P448802,3.7151162790697674,688,positive,65.12
P472454,4.268613138686131,685,positive,81.61
P474937,4.5131578947368425,684,positive,88.74
P421276,4.511695906432749,684,positive,91.81
P400259,3.939970717423133,683,positive,72.04
P454313,4.659324522760646,681,positive,91.19
P466164,4.4338235294117645,680,positive,86.18
P426707,3.9762611275964392,674,positive,70.77
P404793,4.4206586826347305,668,positive,88.17
P454378,4.385307346326837,667,positive,85.16
P423259,4.287856071964018,667,positive,80.81
P475589,4.513513513513513,666,positive,89.79
P405599,4.143504531722054,662,positive,75.68
P500777,4.537404580152672,655,positive,89.01
P426340,4.47175572519084,655,positive,85.34
P453224,4.411944869831546,653,positive,85.76
P442744,4.190108191653787,647,positive,76.97
P442838,4.338533541341653,641,positive,82.37
P472468,4.641185647425897,641,positive,92.36
P471025,4.375,640,positive,85.16
P457005,4.632237871674492,639,positive,91.55
P411365,4.641627543035994,639,positive,92.18
P442836,4.598116169544741,637,positive,89.64
P449180,4.102201257861635,636,positive,72.8
P447210,4.143759873617694,633,positive,75.83
P470536,4.676145339652448,633,positive,94.79
P12045,4.461172741679873,631,positive,86.21
P427411,4.143084260731319,629,positive,76.95
P433443,4.50796178343949,628,positive,88.54
P378852,4.344497607655502,627,positive,82.93
P309310,3.8370607028753994,626,positive,69.01
P471046,4.485623003194888,626,positive,88.5
P482535,4.5376,625,positive,89.12
P218700,4.385852090032154,622,positive,85.05
P453930,4.544283413848631,621,positive,90.02
P470041,4.198387096774193,620,positive,79.68
P397890,4.603225806451613,620,positive,90.81
P449175,4.306451612903226,620,positive,84.19
P476729,4.610032362459547,618,positive,92.23
P443830,4.423948220064725,618,positive,86.89
P481164,4.577669902912621,618,positive,91.75
P434336,4.313915857605178,618,positive,81.55
P469538,4.610032362459547,618,positive,92.23
P448202,4.573743922204214,617,positive,91.57
P404795,3.5414634146341464,615,positive,59.67
P419223,3.946254071661238,614,positive,70.85
P454384,4.05718954248366,612,positive,72.88
P454383,4.05718954248366,612,positive,72.88
P440650,4.648117839607202,611,positive,92.64
P505346,4.618811881188119,606,positive,92.41
P463105,4.613333333333333,600,positive,92.33
P455611,3.944908180300501,599,positive,70.95
P422022,3.944908180300501,599,positive,70.95
P481817,4.138795986622074,598,positive,76.76
P450917,4.509212730318258,597,positive,86.26
P377561,4.509212730318258,597,positive,86.26
P502656,4.128378378378378,592,positive,77.7
P418624,4.320338983050847,590,positive,81.86
P404338,4.154761904761905,588,positive,77.72
P444718,4.042589437819421,587,positive,72.23
P431187,3.9846153846153847,585,positive,69.23
P470259,3.743150684931507,584,positive,65.41
P484080,3.743150684931507,584,positive,65.41
P469213,4.402061855670103,582,positive,87.11
P232903,4.050259965337955,577,positive,74.87
P481161,4.551483420593368,573,positive,90.05
P442761,4.0583038869257955,566,positive,75.09
P458576,4.338652482269503,564,positive,82.98
P433521,4.388297872340425,564,positive,86.7
P297517,3.902309058614565,563,positive,69.98
P419221,3.2437722419928825,562,positive,49.29
P411401,4.125899280575539,556,positive,76.26
P122900,4.410071942446043,556,positive,83.45
P471029,4.0710382513661205,549,positive,74.13
P446942,4.235401459854015,548,positive,81.39
P375853,4.169117647058823,544,positive,76.29
P501760,4.572744014732965,543,positive,88.95
P400203,4.184842883548983,541,positive,75.97
P479904,4.184842883548983,541,positive,75.97
P471226,4.469500924214418,541,positive,87.99
P471065,4.369202226345084,539,positive,84.23
P418629,4.026070763500931,537,positive,72.44
P467655,3.876172607879925,533,positive,69.42
P440949,4.5319548872180455,532,positive,88.72
P12573,4.633962264150943,530,positive,90.19
P460578,4.318867924528302,530,positive,83.21
P472981,4.637735849056604,530,positive,93.02
P480301,4.458333333333333,528,positive,84.85
P459141,4.458333333333333,528,positive,84.85
P429516,4.4106463878327,526,positive,85.17
P12336,4.275665399239544,526,positive,79.66
P416815,4.376673040152964,523,positive,83.37
P375850,4.145315487571701,523,positive,75.33
P446423,4.162835249042145,522,positive,79.31
P440934,3.6398467432950192,522,positive,60.15
P467945,4.576628352490421,522,positive,91.0
P428416,4.259615384615385,520,positive,80.0
P440925,4.364161849710983,519,positive,83.24
P461451,4.301556420233463,514,positive,84.05
P468409,4.309338521400778,514,positive,81.91
P422007,4.368421052631579,513,positive,83.82
P467249,3.970703125,512,positive,68.75
P456126,4.43418467583497,509,positive,88.21
P479339,4.466535433070866,508,positive,86.61
P411393,4.181274900398407,502,positive,77.49
P4016,4.148,500,positive,78.0
P454084,4.4509018036072145,499,positive,87.98
P454806,4.598790322580645,496,positive,91.94
P427412,4.1437246963562755,494,positive,76.72
P402718,4.319755600814664,491,positive,81.67
P479318,4.689795918367347,490,positive,93.27
P432241,3.8954918032786887,488,positive,70.08
P428100,3.971311475409836,488,positive,70.29
P469490,4.201232032854209,487,positive,74.95
P381030,3.9897330595482545,487,positive,72.28
P467615,4.574074074074074,486,positive,90.53
P470506,4.503092783505155,485,positive,88.25
P455369,3.775257731958763,485,positive,62.47
P416561,4.112266112266112,481,positive,74.64
P416139,4.0375,480,positive,72.71
P427418,4.426778242677824,478,positive,84.73
P375841,4.2106382978723405,470,positive,79.79
P470024,4.420940170940171,468,positive,85.47
P418872,4.56745182012848,467,positive,88.44
P466122,4.490364025695931,467,positive,90.15
P479971,4.465665236051502,466,positive,88.63
P468408,4.384449244060475,463,positive,83.37
P482676,4.4393939393939394,462,positive,86.15
P461213,4.255411255411255,462,positive,79.87
P456410,3.8872017353579174,461,positive,67.25
P475921,4.237472766884531,459,positive,80.39
P454396,4.426373626373627,455,positive,87.69
P377533,4.5364238410596025,453,positive,89.18
P475543,4.311946902654867,452,positive,80.97
P480162,4.662222222222222,450,positive,94.44
P481831,4.722222222222222,450,positive,94.0
P443700,4.507795100222717,449,positive,88.86
P423136,4.507795100222717,449,positive,88.86
P453824,4.465324384787472,447,positive,89.93
P436094,4.530201342281879,447,positive,89.26
P482693,3.9798657718120807,447,positive,71.59
P432045,3.9168539325842695,445,positive,71.01
P471043,4.555304740406321,443,positive,89.84
P442830,4.54421768707483,441,positive,88.66
P466673,4.470454545454546,440,positive,90.45
P500245,3.6386363636363637,440,positive,59.09
P466117,3.940909090909091,440,positive,71.82
P448852,4.215909090909091,440,positive,78.86
P232915,4.34096109839817,437,positive,82.84
P466134,4.542725173210162,433,positive,88.68
P467110,4.402325581395349,430,positive,85.81
P457517,4.386046511627907,430,positive,84.42
P501029,4.574766355140187,428,positive,92.06
P501005,4.379391100702576,427,positive,86.42
P455366,4.0023419203747075,427,positive,74.47
P405096,4.227699530516432,426,positive,78.4
P439928,3.7294117647058824,425,positive,61.65
P446934,3.976470588235294,425,positive,74.82
P460747,4.351543942992874,421,positive,80.76
P413326,4.280952380952381,420,positive,80.71
P440651,4.105011933174224,419,positive,77.09
P395615,4.563245823389021,419,positive,89.98
P461165,4.232057416267943,418,positive,82.78
P427638,4.493975903614458,415,positive,88.19
P480177,4.603406326034063,411,positive,91.48
P214002,4.237163814180929,409,positive,81.66
P461439,4.502450980392157,408,positive,88.48
P477830,4.412776412776413,407,positive,83.29
P501254,4.7518427518427515,407,positive,95.09
P455934,4.470443349753695,406,positive,86.7
P376726,4.233990147783251,406,positive,78.82
P474832,4.726600985221675,406,positive,94.33
P442839,4.640394088669951,406,positive,90.64
P467126,3.9729064039408866,406,positive,71.43
P416560,4.02970297029703,404,positive,70.54
P474840,4.5361596009975065,401,positive,90.52
P442564,4.365,400,positive,82.5
P443370,4.619647355163728,397,positive,92.44
P448530,4.378787878787879,396,positive,85.1
P442741,4.472222222222222,396,positive,86.87
P457864,4.251908396946565,393,positive,83.21
P458900,4.244274809160306,393,positive,82.7
P444057,4.321428571428571,392,positive,84.69
P481739,4.535714285714286,392,positive,89.03
P42204,4.29305912596401,389,positive,81.23
P453823,4.389175257731959,388,positive,85.05
P442742,4.656330749354005,387,positive,93.28
P477157,4.651162790697675,387,positive,90.44
P442857,2.971502590673575,386,positive,44.82
P448185,4.471502590673575,386,positive,86.79
P379707,4.456919060052219,383,positive,85.38
P455241,4.417754569190601,383,positive,88.51
P500613,4.293193717277487,382,positive,83.51
P471003,4.502645502645502,378,positive,88.89
P481972,4.416,375,positive,87.47
P457008,4.3449197860962565,374,positive,85.03
P455368,3.8689839572192515,374,positive,66.58
P447212,3.6595174262734584,373,positive,63.54
P454936,3.6595174262734584,373,positive,63.54
P454019,4.289189189189189,370,positive,82.16
P404322,4.421621621621622,370,positive,83.78
P443843,4.326086956521739,368,positive,84.78
P447603,4.5,366,positive,86.89
P479125,4.402739726027397,365,positive,83.01
P466153,4.402739726027397,365,positive,83.01
P472472,4.604395604395604,364,positive,90.66
P475630,4.7217630853994494,363,positive,93.11
P467137,4.493112947658402,363,positive,88.43
P416562,3.712707182320442,362,positive,59.39
P467124,4.157458563535911,362,positive,76.52
P476843,4.37292817679558,362,positive,83.15
P500307,4.484764542936288,361,positive,85.32
P432242,4.153203342618385,359,positive,81.06
P440075,4.256267409470752,359,positive,78.55
P379710,4.603351955307263,358,positive,90.78
P470509,4.285714285714286,357,positive,83.19
P464238,4.695774647887324,355,positive,95.49
P500240,4.847887323943662,355,positive,98.03
P443846,4.346478873239437,355,positive,82.82
P442743,4.570621468926554,354,positive,91.53
P461949,4.543909348441926,353,positive,88.39
P479304,4.4602272727272725,352,positive,85.23
P456399,4.2727272727272725,352,positive,82.95
P434546,3.877840909090909,352,positive,67.61
P436387,4.444444444444445,351,positive,86.04
P463353,3.2706552706552707,351,positive,52.42
P468821,4.573065902578796,349,positive,90.26
P482298,4.492836676217765,349,positive,89.97
P420699,4.066473988439307,346,positive,73.41
P460723,2.433139534883721,344,positive,32.56
P442754,3.7209302325581395,344,positive,63.66
P306941,4.325581395348837,344,positive,84.3
P457512,4.206997084548105,343,positive,80.47
P457521,4.4723032069970845,343,positive,87.17
P482741,4.355685131195335,343,positive,82.22
P445832,4.625730994152047,342,positive,92.98
P429250,4.12316715542522,341,positive,75.07
P469482,3.7829912023460412,341,positive,66.28
P483679,4.873900293255132,341,positive,98.24
P466154,3.7331378299120233,341,positive,63.34
P455237,4.548387096774194,341,positive,89.74
P454935,3.9587020648967552,339,positive,71.09
P9940,4.442477876106195,339,positive,85.84
P447782,3.9587020648967552,339,positive,71.09
P502761,4.738872403560831,337,positive,95.85
P443349,4.181008902077151,337,positive,76.56
P470243,4.498516320474778,337,positive,89.91
P442003,4.035714285714286,336,positive,75.3
P463144,3.8985074626865672,335,positive,68.36
P424988,4.050746268656717,335,positive,73.73
P468684,4.461077844311378,334,positive,87.72
P474304,4.402402402402402,333,positive,87.39
P446641,4.456456456456457,333,positive,87.69
P501165,4.712990936555891,331,positive,94.86
P477985,4.606060606060606,330,positive,92.42
P472453,3.954407294832827,329,positive,68.09
P439057,4.550151975683891,329,positive,89.36
P443359,4.641337386018237,329,positive,93.62
P420224,4.267477203647417,329,positive,79.94
P386197,4.35258358662614,329,positive,81.46
P481169,3.3902439024390243,328,neutral,49.09
P459133,4.275229357798165,327,positive,77.68
P453227,4.275229357798165,327,positive,77.68
P429953,3.7370030581039755,327,positive,64.83
P438619,4.383435582822086,326,positive,85.58
P503936,4.861963190184049,326,positive,98.47
P466661,4.572307692307692,325,positive,88.62
P470507,4.378461538461538,325,positive,85.54
P474060,4.572307692307692,325,positive,88.31
P422002,4.572307692307692,325,positive,88.31
P500471,4.6656346749226,323,positive,92.88
P421432,3.931888544891641,323,positive,70.9
P501170,4.161490683229814,322,positive,78.57
P467123,4.214285714285714,322,positive,77.95
P450614,3.965625,320,positive,74.06
P266126,4.0875,320,positive,72.5
P459127,4.564263322884012,319,positive,88.09
P437981,4.313479623824452,319,positive,80.25
P502966,4.663522012578617,318,positive,91.82
P501236,4.666666666666667,318,positive,93.08
P456414,4.5251572327044025,318,positive,90.57
P461177,4.208201892744479,317,positive,78.86
P433627,4.208201892744479,317,positive,78.86
P471111,4.7760252365930596,317,positive,96.85
P440504,3.768987341772152,316,positive,64.87
P471101,4.429936305732484,314,positive,86.94
P297551,4.426282051282051,312,positive,85.26
P403817,3.766025641025641,312,positive,65.06
P432049,4.618589743589744,312,positive,91.35
P460855,2.173076923076923,312,negative,22.44
P442837,4.64951768488746,311,positive,91.96
P443841,2.970967741935484,310,neutral,41.94
P479706,4.632258064516129,310,positive,93.23
P467248,4.17741935483871,310,positive,76.45
P474079,4.310679611650485,309,positive,83.82
P448184,4.456310679611651,309,positive,87.06
P482074,4.782467532467533,308,positive,94.48
P442758,4.512987012987013,308,positive,86.04
P426080,4.403908794788274,307,positive,85.99
P467122,4.120521172638436,307,positive,77.2
P454799,4.628664495114006,307,positive,91.53
P405584,4.331147540983607,305,positive,81.31
P415667,4.305921052631579,304,positive,81.91
P481340,4.286184210526316,304,positive,79.28
P385432,4.309210526315789,304,positive,81.91
P438620,4.532894736842105,304,positive,89.14
P428668,4.115511551155116,303,positive,75.58
P447781,4.162251655629139,302,positive,76.49
P464233,4.162251655629139,302,positive,76.49
P501028,4.400662251655629,302,positive,86.42
P414293,4.430463576158941,302,positive,84.44
P441220,4.362126245847176,301,positive,81.4
P481830,4.66,300,positive,92.33
P375534,4.12,300,positive,73.67
P481162,4.558528428093646,299,positive,91.97
P454837,4.4865771812080535,298,positive,87.25
P474340,4.609427609427609,297,positive,91.58
P415620,4.562289562289562,297,positive,88.55
P466163,4.626262626262626,297,positive,93.27
P309306,4.337837837837838,296,positive,79.39
P479705,4.63728813559322,295,positive,92.54
P482321,3.9658703071672354,293,positive,72.01
P470057,3.9658703071672354,293,positive,72.01
P442871,4.147260273972603,292,positive,78.77
P501171,4.626712328767123,292,positive,92.12
P444970,4.642611683848798,291,positive,92.1
P442990,3.3379310344827586,290,positive,50.0
P442843,4.258620689655173,290,positive,81.03
P435800,4.602076124567474,289,positive,88.93
P464243,4.586805555555555,288,positive,91.67
P416564,4.54006968641115,287,positive,85.02
P474939,3.982456140350877,285,positive,72.28
P462390,4.450704225352113,284,positive,89.44
P479330,4.341549295774648,284,positive,83.45
P500993,4.540636042402827,283,positive,88.69
P479329,4.575971731448763,283,positive,90.81
P501188,4.6263345195729535,281,positive,92.88
P501176,3.829181494661922,281,positive,66.55
P453226,3.608540925266904,281,positive,60.5
P468411,4.2,280,positive,78.21
P501187,4.489285714285714,280,positive,86.43
P479645,4.817204301075269,279,positive,98.57
P386754,4.08273381294964,278,positive,75.54
P482024,4.672661870503597,278,positive,91.73
P479354,4.0071942446043165,278,positive,71.94
P480613,4.672661870503597,278,positive,91.73
P456582,4.423913043478261,276,positive,86.96
P479632,4.207272727272727,275,positive,83.64
P476415,4.578181818181818,275,positive,90.91
P423142,4.616788321167883,274,positive,91.24
P454086,4.200729927007299,274,positive,79.2
P442535,4.025547445255475,274,positive,72.26
P480606,4.084249084249084,273,positive,80.22
P443829,3.490842490842491,273,positive,58.97
P460624,4.702205882352941,272,positive,95.22
P448719,4.6162361623616235,271,positive,91.88
P387261,4.639405204460966,269,positive,92.57
P442589,3.524163568773234,269,positive,59.11
P482681,4.695167286245353,269,positive,93.68
P454102,4.2388059701492535,268,positive,80.97
P481366,4.190298507462686,268,positive,79.1
P500857,4.723880597014926,268,positive,95.15
P428816,3.865168539325843,267,positive,64.42
P450262,4.280898876404494,267,positive,79.78
P470227,4.722846441947565,267,positive,94.76
P432262,3.9773584905660377,265,positive,70.57
P456994,3.607547169811321,265,positive,58.87
P471037,4.630188679245283,265,positive,89.81
P479362,4.50188679245283,265,positive,86.79
P456206,4.4393939393939394,264,positive,88.64
P467247,4.159695817490494,263,positive,74.9
P440498,4.110266159695818,263,positive,76.43
P456192,4.444866920152092,263,positive,89.35
P501189,4.240458015267175,262,positive,78.24
P429529,4.320610687022901,262,positive,80.92
P426829,4.49236641221374,262,positive,85.5
P469522,4.293893129770993,262,positive,79.01
P500744,4.526717557251908,262,positive,87.4
P444980,4.202290076335878,262,positive,77.1
P473828,4.596153846153846,260,positive,92.69
P467971,4.343629343629344,259,positive,86.1
P482540,4.745173745173745,259,positive,94.59
P423130,4.386100386100386,259,positive,85.33
P500288,4.7984496124031,258,positive,98.06
P114902,4.447470817120623,257,positive,85.99
P482264,4.7109375,256,positive,95.7
P476876,4.671875,256,positive,91.02
P480285,4.6640625,256,positive,93.75
P438617,4.6299212598425195,254,positive,92.52
P469506,4.291338582677166,254,positive,79.53
P427409,3.6811023622047245,254,positive,61.81
P442867,4.462450592885376,253,positive,87.75
P463665,4.430830039525691,253,positive,87.75
P281835,3.9404761904761907,252,positive,75.0
P500019,4.565737051792829,251,positive,90.04
P467120,4.139442231075697,251,positive,76.89
P479348,4.597609561752988,251,positive,91.24
P457695,4.552,250,positive,90.0
P453826,4.716,250,positive,95.2
P475124,4.634538152610442,249,positive,91.57
P438618,4.629032258064516,248,positive,91.94
P466114,4.600806451612903,248,positive,89.92
P444222,4.481781376518219,247,positive,83.81
P427529,3.8122448979591836,245,positive,66.12
P500138,4.463114754098361,244,positive,87.3
P3617,4.479508196721311,244,positive,85.66
P456193,4.57201646090535,243,positive,93.0
P467750,4.6652892561983474,242,positive,91.74
P402944,3.95,240,positive,72.5
P454085,4.345833333333333,240,positive,84.17
P446419,4.188284518828452,239,positive,78.24
P464239,4.644351464435147,239,positive,92.47
P445833,4.4411764705882355,238,positive,89.08
P480192,4.352941176470588,238,positive,81.51
P458917,4.455696202531645,237,positive,85.23
P472810,4.838983050847458,236,positive,97.88
P435386,3.711864406779661,236,positive,58.47
P467630,4.639830508474576,236,positive,91.95
P467976,4.042553191489362,235,positive,74.47
P462344,4.461538461538462,234,positive,88.46
P469118,4.705128205128205,234,positive,94.87
P450633,4.493562231759657,233,positive,87.55
P460514,4.386266094420601,233,positive,82.83
P468637,4.283261802575107,233,positive,79.4
P469503,4.317596566523605,233,positive,81.97
P476730,4.493562231759657,233,positive,87.55
P407448,4.116883116883117,231,positive,75.32
P453928,4.586956521739131,230,positive,90.87
P469088,4.391304347826087,230,positive,85.65
P478029,4.391304347826087,230,positive,85.65
P467111,4.462882096069869,229,positive,89.08
P432048,4.3215859030837,227,positive,79.74
P475629,4.5198237885462555,227,positive,87.22
P420158,4.224669603524229,227,positive,78.85
P480461,4.612334801762114,227,positive,92.51
P482551,4.548672566371682,226,positive,90.27
P446909,3.827433628318584,226,positive,65.49
P447596,4.106194690265487,226,positive,76.11
P283501,3.752212389380531,226,positive,64.16
P483076,4.548672566371682,226,positive,90.27
P12295,4.4,225,positive,83.56
P139000,4.3244444444444445,225,positive,82.67
P465741,4.763392857142857,224,positive,94.64
P460701,4.246636771300448,223,positive,79.82
P456400,4.560538116591928,223,positive,90.13
P472052,3.9641255605381165,223,positive,76.23
P475135,4.246636771300448,223,positive,82.06
P456571,4.246636771300448,223,positive,82.06
P456418,4.099099099099099,222,positive,76.58
P501321,4.86036036036036,222,positive,97.75
P377545,4.0,221,positive,72.4
P470065,4.495454545454545,220,positive,86.82
P39970,3.831818181818182,220,positive,66.82
P414737,4.232876712328767,219,positive,81.74
P474075,4.735159817351598,219,positive,95.89
P417980,4.164383561643835,219,positive,76.71
P481732,4.68348623853211,218,positive,95.87
P481697,4.743119266055046,218,positive,97.25
P447778,4.11520737327189,217,positive,77.42
P472469,4.300925925925926,216,positive,78.7
P407450,4.388888888888889,216,positive,84.26
P449599,4.266355140186916,214,positive,79.44
P39274,4.266355140186916,214,positive,79.44
P444226,4.196261682242991,214,positive,76.17
P396623,3.3145539906103285,213,positive,53.99
P483664,4.582159624413146,213,positive,92.02
P482757,3.9342723004694835,213,positive,69.01
P475182,3.9342723004694835,213,positive,69.01
P482323,3.740566037735849,212,positive,68.87
P500894,4.679245283018868,212,positive,95.28
P434550,4.393364928909953,211,positive,86.26
P423123,4.601895734597156,211,positive,92.89
P453929,4.578199052132701,211,positive,91.0
P460513,4.606635071090047,211,positive,88.63
P464245,4.5285714285714285,210,positive,89.52
P409631,4.519047619047619,210,positive,88.1
P436353,4.08252427184466,206,positive,73.79
P470221,4.703883495145631,206,positive,93.2
P468640,4.62621359223301,206,positive,91.75
P454100,4.326829268292683,205,positive,82.44
P430903,3.696078431372549,204,positive,63.24
P384778,3.7549019607843137,204,positive,64.22
P479732,3.9166666666666665,204,positive,69.61
P448181,3.7205882352941178,204,positive,66.18
P482325,4.275862068965517,203,positive,77.83
P467118,4.0594059405940595,202,positive,74.26
P446422,3.910891089108911,202,positive,72.77
P482692,4.741293532338308,201,positive,93.53
P503634,4.144278606965174,201,positive,79.1
P474825,4.485,200,positive,87.5
P449188,3.985,200,positive,69.0
P462666,4.562814070351759,199,positive,88.44
P501581,4.271356783919598,199,positive,81.41
P483138,4.758793969849246,199,positive,95.48
P457522,4.477386934673367,199,positive,88.94
P469537,4.773869346733668,199,positive,95.98
P456417,4.206030150753769,199,positive,76.88
P482329,4.582914572864322,199,positive,89.45
P460856,4.222222222222222,198,positive,78.79
P415773,4.338383838383838,198,positive,80.81
P455894,4.202020202020202,198,positive,77.27
P441323,3.730964467005076,197,positive,61.42
P475203,4.147208121827411,197,positive,79.7
P475185,4.147208121827411,197,positive,79.7
P467617,4.530612244897959,196,positive,91.33
P464241,4.4438775510204085,196,positive,87.24
P435209,4.48469387755102,196,positive,91.33
P434360,4.142857142857143,196,positive,73.98
P479633,4.220512820512821,195,positive,81.03
P455242,4.220512820512821,195,positive,78.46
P433456,3.9587628865979383,194,positive,72.16
P474333,4.422680412371134,194,positive,87.63
P433457,4.355670103092783,194,positive,85.05
P504986,4.5595854922279795,193,positive,92.75
P443838,4.512953367875648,193,positive,88.08
P415202,3.678756476683938,193,positive,61.66
P283106,3.139896373056995,193,positive,46.63
P459130,4.760416666666667,192,positive,93.75
P458546,4.65625,192,positive,93.23
P500756,4.786458333333333,192,positive,96.88
P462747,4.020833333333333,192,positive,73.44
P429954,4.020833333333333,192,positive,73.44
P436891,3.4270833333333335,192,positive,55.73
P430818,4.119791666666667,192,positive,75.0
P450244,4.291666666666667,192,positive,82.29
P423254,3.973821989528796,191,positive,71.2
P455613,4.310526315789474,190,positive,82.11
P467647,3.642105263157895,190,positive,62.63
P384539,4.3121693121693125,189,positive,83.07
P455365,4.063492063492063,189,positive,71.43
P479903,4.301587301587301,189,positive,78.84
P400204,4.301587301587301,189,positive,78.84
P392248,4.4603174603174605,189,positive,85.71
P501288,4.5396825396825395,189,positive,89.42
P439927,4.382978723404255,188,positive,86.17
P456988,3.6914893617021276,188,positive,65.43
P440482,3.716577540106952,187,positive,64.71
P439643,3.593582887700535,187,positive,59.36
P455900,4.459893048128342,187,positive,85.56
P482008,4.376344086021505,186,positive,82.8
P394124,4.086021505376344,186,positive,72.58
P394397,3.972972972972973,185,positive,73.51
P454095,4.075675675675676,185,positive,75.68
P470058,4.478260869565218,184,positive,86.96
P469510,4.548913043478261,184,positive,85.87
P416923,3.5869565217391304,184,positive,54.35
P380000,4.382513661202186,183,positive,89.07
P474330,4.398907103825136,183,positive,85.79
P462339,4.704918032786885,183,positive,92.9
P432823,4.202185792349726,183,positive,77.6
P475159,4.417582417582418,182,positive,88.46
P475190,4.148351648351649,182,positive,80.77
P412025,3.9175824175824174,182,positive,69.78
P472021,4.736263736263736,182,positive,92.86
P456572,4.027624309392265,181,positive,75.69
P464234,4.5911602209944755,181,positive,93.92
P472302,4.766666666666667,180,positive,96.11
P480447,4.516666666666667,180,positive,88.89
P4010,4.438888888888889,180,positive,85.0
P421600,4.094972067039106,179,positive,71.51
P433453,2.848314606741573,178,positive,41.57
P422013,4.451977401129944,177,positive,83.62
P174502,3.8806818181818183,176,positive,68.75
P442752,4.215909090909091,176,positive,80.68
P443351,4.44,175,positive,83.43
P462891,4.571428571428571,175,positive,88.57
P483137,4.725714285714286,175,positive,94.86
P423150,4.44,175,positive,83.43
P42205,4.252873563218391,174,positive,79.89
P467251,4.063583815028902,173,positive,72.25
P479692,4.780346820809249,173,positive,97.11
P481833,4.479768786127168,173,positive,86.71
P505009,4.6395348837209305,172,positive,92.44
P503692,3.9302325581395348,172,positive,69.77
P500618,4.619883040935672,171,positive,92.4
P475181,4.052631578947368,171,positive,76.61
P455899,4.238095238095238,168,positive,78.57
P442757,4.1726190476190474,168,positive,76.79
P461667,4.226190476190476,168,positive,80.95
P475086,4.7023809523809526,168,positive,95.24
P474826,4.392857142857143,168,positive,85.12
P164932,4.167664670658683,167,positive,76.65
P479340,4.550898203592815,167,positive,90.42
P474332,4.542168674698795,166,positive,90.36
P424378,4.132530120481928,166,positive,75.9
P91627362,4.22289156626506,166,positive,80.72
P433143,4.284848484848485,165,positive,81.82
P459128,4.866666666666666,165,positive,96.97
P503052,4.237804878048781,164,positive,81.1
P469439,3.957317073170732,164,positive,70.12
P394826,4.237804878048781,164,positive,81.1
P471227,4.521472392638037,163,positive,86.5
P467652,3.4662576687116564,163,positive,55.83
P427405,4.327160493827161,162,positive,82.1
P407444,4.2407407407407405,162,positive,79.63
P450632,4.559006211180124,161,positive,89.44
P471788,4.422360248447205,161,positive,84.47
P469530,4.633540372670807,161,positive,92.55
P476731,4.559006211180124,161,positive,89.44
P464235,4.546583850931677,161,positive,93.17
P435975,3.7080745341614905,161,positive,62.11
P417867,4.125,160,positive,76.88
P501190,4.811320754716981,159,positive,94.97
P453713,4.40251572327044,159,positive,86.16
P422257,4.283018867924528,159,positive,78.62
P481096,4.484276729559748,159,positive,83.65
P442753,4.144654088050315,159,positive,78.62
P475951,4.474683544303797,158,positive,86.71
P503879,4.449367088607595,158,positive,86.71
P455929,4.490445859872612,157,positive,87.9
P482061,4.490445859872612,157,positive,87.26
P505023,4.770700636942675,157,positive,96.82
P457442,3.3503184713375798,157,neutral,55.41
P122718,4.2165605095541405,157,positive,80.25
P440937,4.159235668789809,157,positive,77.07
P477492,4.509554140127388,157,positive,89.17
P482006,4.346153846153846,156,positive,81.41
P468396,4.4743589743589745,156,positive,88.46
P232907,4.632258064516129,155,positive,89.68
P384821,4.354838709677419,155,positive,83.23
P482529,4.04516129032258,155,positive,70.32
P462829,3.7419354838709675,155,positive,63.23
P474822,4.733766233766234,154,positive,94.81
P474824,4.798701298701299,154,positive,96.75
P447785,3.824675324675325,154,positive,64.94
P475932,4.470588235294118,153,positive,85.62
P480160,4.686274509803922,153,positive,93.46
P501282,4.756578947368421,152,positive,96.71
P377570,4.434210526315789,152,positive,84.87
P479351,4.3841059602649,151,positive,84.11
P461935,4.344370860927152,151,positive,84.77
P500112,4.629139072847682,151,positive,90.73
P311143,4.315436241610739,149,positive,77.85
P458724,4.610738255033557,149,positive,91.28
P504125,4.6375838926174495,149,positive,92.62
P505031,4.530201342281879,149,positive,89.26
P428240,4.342281879194631,149,positive,85.91
P217513,4.371621621621622,148,positive,81.76
P483658,4.587837837837838,148,positive,91.22
P393076,4.277027027027027,148,positive,77.7
P480284,4.782312925170068,147,positive,95.92
P467973,4.2312925170068025,147,positive,78.23
P500420,4.421768707482993,147,positive,90.48
P469511,4.557823129251701,147,positive,89.12
P500039,4.691780821917808,146,positive,93.15
P381020,4.205479452054795,146,positive,76.03
P122882,4.241379310344827,145,positive,81.38
P471033,4.441379310344828,145,positive,85.52
P470040,4.5625,144,positive,89.58
P475084,4.479166666666667,144,positive,89.58
P442759,4.451388888888889,144,positive,87.5
P443837,4.395833333333333,144,positive,83.33
P481367,4.083333333333333,144,positive,72.22
P503726,4.645833333333333,144,positive,93.75
P384780,4.293706293706293,143,positive,81.12
P480629,4.251748251748252,143,positive,82.52
P454387,3.7552447552447554,143,positive,65.73
P454388,3.7552447552447554,143,positive,65.73
P423135,4.647887323943662,142,positive,92.96
P471009,4.598591549295775,142,positive,90.85
P203616,4.669014084507042,142,positive,92.25
P391799,4.28169014084507,142,positive,80.28
P473725,4.852112676056338,142,positive,98.59
P442850,4.198581560283688,141,positive,79.43
P429662,3.900709219858156,141,positive,73.05
P459129,4.829787234042553,141,positive,95.04
P482269,4.671428571428572,140,positive,91.43
P471541,4.307142857142857,140,positive,81.43
P455338,4.2785714285714285,140,positive,79.29
P232910,4.028776978417266,139,positive,72.66
P432831,4.136690647482014,139,positive,74.1
P448201,4.60431654676259,139,positive,89.21
P455898,4.543478260869565,138,positive,87.68
P472057,4.405797101449275,138,positive,83.33
P472455,4.6521739130434785,138,positive,90.58
P392239,4.166666666666667,138,positive,76.09
P476028,4.543478260869565,138,positive,87.68
P423134,4.1678832116788325,137,positive,77.37
P423127,4.481751824817518,137,positive,88.32
P500098,3.4671532846715327,137,neutral,54.01
P501169,4.613138686131387,137,positive,89.05
P503999,4.474452554744525,137,positive,87.59
P406104,3.708029197080292,137,positive,64.96
P474326,3.7445255474452557,137,positive,62.77
P478731,4.664233576642336,137,positive,93.43
P469862,4.345588235294118,136,positive,83.82
P483692,4.5,136,positive,86.76
P483708,4.5,136,positive,86.76
P429043,4.095588235294118,136,positive,75.0
P188307,4.340740740740741,135,positive,84.44
P467115,3.6296296296296298,135,positive,61.48
P503891,4.696296296296296,135,positive,93.33
P468369,4.496296296296296,135,positive,91.85
P254720,4.333333333333333,135,positive,82.22
P400205,4.186567164179104,134,positive,73.88
P468211,4.141791044776119,134,positive,71.64
P392249,4.335820895522388,134,positive,81.34
P471039,4.08955223880597,134,positive,76.87
P188309,4.111940298507463,134,positive,78.36
P474971,4.3283582089552235,134,positive,85.82
P481832,4.30827067669173,133,positive,87.97
P448934,3.992481203007519,133,positive,71.43
P382204,4.421052631578948,133,positive,87.22
P501030,4.684210526315789,133,positive,98.5
P472448,4.661654135338346,133,positive,93.23
P404794,3.6742424242424243,132,positive,60.61
P433973,4.765151515151516,132,positive,95.45
P474325,4.416666666666667,132,positive,83.33
P479352,4.656488549618321,131,positive,93.89
P474809,4.526717557251908,131,positive,87.02
P470217,4.259541984732825,131,positive,80.92
P375852,4.076335877862595,131,positive,73.28
P468813,4.430769230769231,130,positive,88.46
P481748,4.476923076923077,130,positive,89.23
P440981,4.6461538461538465,130,positive,89.23
P481335,4.813953488372093,129,positive,96.12
P455623,4.48062015503876,129,positive,88.37
P475194,4.325581395348837,129,positive,87.6
P397624,4.496124031007752,129,positive,85.27
P438637,4.209302325581396,129,positive,81.4
P230538,4.511627906976744,129,positive,86.82
P500055,4.666666666666667,129,positive,91.47
P469444,4.37984496124031,129,positive,81.4
P173619,4.4765625,128,positive,84.38
P477961,4.734375,128,positive,96.09
P448932,4.453125,128,positive,87.5
P472451,4.7795275590551185,127,positive,95.28
P501781,4.700787401574803,127,positive,93.7
P475201,4.283464566929134,127,positive,88.19
P504007,4.346456692913386,127,positive,85.04
P457510,4.732283464566929,127,positive,94.49
P377577,4.5476190476190474,126,positive,88.1
P471000,4.690476190476191,126,positive,94.44
P473133,4.595238095238095,126,positive,91.27
P430812,4.2936507936507935,126,positive,79.37
P399932,3.2698412698412698,126,positive,53.97
P424990,4.144,125,positive,78.4
P449541,4.384,125,positive,86.4
P476010,4.709677419354839,124,positive,91.94
P500114,4.153225806451613,124,positive,79.03
P504315,4.709677419354839,124,positive,91.94
P504071,4.370967741935484,124,positive,86.29
P481354,4.387096774193548,124,positive,84.68
P474329,4.612903225806452,124,positive,91.94
P467749,4.459677419354839,124,positive,86.29
P500329,4.178861788617886,123,positive,78.86
P474068,4.520325203252033,123,positive,91.06
P421997,4.2439024390243905,123,positive,78.05
P472023,4.902439024390244,123,positive,99.19
P455924,3.6178861788617884,123,positive,61.79
P503721,4.508196721311475,122,positive,89.34
P450583,3.9338842975206614,121,positive,68.6
P473172,4.644628099173554,121,positive,96.69
P432239,4.206611570247934,121,positive,78.51
P503693,4.347107438016529,121,positive,85.12
P472025,4.7190082644628095,121,positive,94.21
P407387,4.275,120,positive,80.83
P424986,4.375,120,positive,82.5
P500094,4.225,120,positive,79.17
P500244,4.733333333333333,120,positive,95.0
P424989,4.116666666666666,120,positive,75.83
P432243,3.225,120,positive,52.5
P455612,4.491666666666666,120,positive,85.0
P455339,4.26890756302521,119,positive,82.35
P469818,4.546218487394958,119,positive,89.08
P422011,4.2100840336134455,119,positive,75.63
P457697,4.6722689075630255,119,positive,93.28
P443369,4.302521008403361,119,positive,84.03
P504212,4.6440677966101696,118,positive,91.53
P440305,4.567796610169491,118,positive,88.14
P471038,4.466101694915254,118,positive,83.05
P417242,3.8205128205128207,117,positive,66.67
P455614,4.427350427350428,117,positive,84.62
P479353,4.196581196581197,117,positive,78.63
P442755,4.17948717948718,117,positive,76.92
P501157,4.794871794871795,117,positive,96.58
P122774,4.0,117,positive,68.38
P461491,4.435897435897436,117,positive,81.2
P483136,4.681034482758621,116,positive,96.55
P431847,4.103448275862069,116,positive,75.0
P432818,4.077586206896552,116,positive,72.41
P476459,4.224137931034483,116,positive,79.31
P473729,4.48695652173913,115,positive,85.22
P433971,4.060869565217391,115,positive,74.78
P422248,4.252173913043478,115,positive,77.39
P429683,3.860869565217391,115,positive,67.83
P467748,4.443478260869565,115,positive,83.48
P483127,4.815789473684211,114,positive,98.25
P397623,4.666666666666667,114,positive,91.23
P503197,4.9035087719298245,114,positive,99.12
P461948,4.4035087719298245,114,positive,86.84
P434361,4.389380530973451,113,positive,83.19
P423125,4.276785714285714,112,positive,82.14
P482753,4.464285714285714,112,positive,89.29
P483453,4.517857142857143,112,positive,85.71
P444216,4.428571428571429,112,positive,82.14
P500696,4.75,112,positive,94.64
P442756,4.1441441441441444,111,positive,75.68
P484067,4.882882882882883,111,positive,99.1
P504240,4.261261261261262,111,positive,80.18
P467250,4.261261261261262,111,positive,80.18
P473304,3.6576576576576576,111,positive,60.36
P474843,4.738738738738738,111,positive,95.5
P479722,4.4774774774774775,111,positive,89.19
P474371,4.381818181818182,110,positive,86.36
P420230,4.0,110,positive,70.0
P440503,4.238532110091743,109,positive,80.73
P505020,4.6880733944954125,109,positive,95.41
P420143,3.834862385321101,109,positive,66.97
P448853,3.963302752293578,109,positive,69.72
P478239,4.7592592592592595,108,positive,96.3
P470007,4.351851851851852,108,positive,82.41
P482552,4.666666666666667,108,positive,92.59
P481336,4.694444444444445,108,positive,93.52
P384537,4.018518518518518,108,positive,73.15
P481145,4.5514018691588785,107,positive,87.85
P409630,4.327102803738318,107,positive,81.31
P379711,3.317757009345794,107,positive,49.53
P483643,4.5233644859813085,107,positive,89.72
P482260,4.915094339622642,106,positive,100.0
P442989,3.150943396226415,106,positive,50.94
P447200,4.386792452830188,106,positive,80.19
P448200,4.566037735849057,106,positive,90.57
P503668,4.745283018867925,106,positive,94.34
P418221,3.9150943396226414,106,positive,66.98
P427404,3.8773584905660377,106,positive,68.87
P432053,3.7830188679245285,106,positive,64.15
P297531,3.8207547169811322,106,positive,64.15
P428255,4.2075471698113205,106,positive,77.36
P482695,4.038095238095238,105,positive,73.33
P469507,4.733333333333333,105,positive,92.38
P398761,4.384615384615385,104,positive,85.58
P417984,4.009615384615385,104,positive,73.08
P34402,4.436893203883495,103,positive,85.44
P461522,2.8932038834951457,103,positive,40.78
P427393,3.495145631067961,103,positive,58.25
P474117,4.213592233009709,103,positive,79.61
P474113,4.213592233009709,103,positive,79.61
P443383,3.2941176470588234,102,positive,51.96
P443358,4.509803921568627,102,positive,91.18
P432824,3.7549019607843137,102,positive,66.67
P397310,4.303921568627451,102,positive,81.37
P9941,4.470588235294118,102,positive,86.27
P402942,3.742574257425743,101,positive,64.36
P416825,3.8613861386138613,101,positive,69.31
P482025,4.89,100,positive,100.0
P505024,4.79,100,positive,97.0
P449158,4.0,100,positive,65.0
P442833,4.39,100,positive,83.0
P504042,4.64,100,positive,97.0
P443834,4.15,100,positive,79.0
P447213,4.5,100,positive,88.0
P469528,4.545454545454546,99,positive,89.9
P442713,3.7373737373737375,99,positive,64.65
P465752,3.696969696969697,99,positive,63.64
P433519,3.5816326530612246,98,positive,62.24
P479313,4.795918367346939,98,positive,94.9
P448192,3.836734693877551,98,positive,66.33
P122881,4.204081632653061,98,positive,79.59
P467614,4.8061224489795915,98,positive,93.88
P456395,4.608247422680412,97,positive,90.72
P474936,4.412371134020619,97,positive,85.57
P447199,3.9381443298969074,97,positive,69.07
P465365,4.34020618556701,97,positive,81.44
P457696,4.298969072164948,97,positive,85.57
P436365,3.59375,96,positive,66.67
P474844,4.677083333333333,96,positive,92.71
P481142,4.760416666666667,96,positive,94.79
P500121,4.1875,96,positive,78.12
P504639,4.3052631578947365,95,positive,81.05
P481828,4.042105263157895,95,positive,78.95
P392648,3.3157894736842106,95,positive,49.47
P481363,4.578947368421052,95,positive,91.58
P449177,4.372340425531915,94,positive,84.04
P403315,4.361702127659575,94,positive,80.85
P500002,4.4361702127659575,94,positive,87.23
P386739,4.129032258064516,93,positive,76.34
P416552,4.333333333333333,93,positive,83.87
P446630,4.451612903225806,93,positive,83.87
P473726,4.709677419354839,93,positive,93.55
P443839,4.505376344086022,93,positive,90.32
P268700,4.064516129032258,93,positive,69.89
P469524,4.369565217391305,92,positive,77.17
P391802,4.043478260869565,92,positive,78.26
P505054,4.760869565217392,92,positive,98.91
P405944,2.9456521739130435,92,positive,41.3
P442854,3.6630434782608696,92,positive,61.96
P476553,4.197802197802198,91,positive,78.02
P404465,4.351648351648351,91,positive,86.81
P480274,4.8791208791208796,91,positive,100.0
P392608,4.21978021978022,91,positive,75.82
P479319,4.4,90,positive,85.56
P455930,4.166666666666667,90,positive,74.44
P504001,4.733333333333333,90,positive,96.67
P474823,4.7444444444444445,90,positive,94.44
P504045,4.655555555555556,90,positive,91.11
P500102,4.733333333333333,90,positive,96.67
P476733,3.9555555555555557,90,positive,72.22
P456421,3.911111111111111,90,positive,67.78
P480278,4.2,90,positive,76.67
P481371,4.550561797752809,89,positive,88.76
P444614,3.696629213483146,89,positive,64.04
P416824,3.932584269662921,89,positive,66.29
P422003,4.438202247191011,89,positive,83.15
P476447,4.269662921348314,89,positive,79.78
P251529,4.258426966292135,89,positive,78.65
P500687,4.579545454545454,88,positive,88.64
P503814,4.829545454545454,88,positive,98.86
P500778,4.829545454545454,88,positive,97.73
P431840,3.625,88,positive,57.95
P399755,4.488636363636363,88,positive,87.5
P476554,4.252873563218391,87,positive,80.46
P501518,4.206896551724138,87,positive,85.06
P422012,3.8620689655172415,87,positive,66.67
P453818,4.586206896551724,87,positive,88.51
P411254,4.183908045977011,87,positive,80.46
P482696,4.597701149425287,87,positive,90.8
P464242,4.471264367816092,87,positive,89.66
P474078,4.093023255813954,86,positive,74.42
P476726,4.395348837209302,86,positive,87.21
P468850,4.686046511627907,86,positive,90.7
P481825,4.116279069767442,86,positive,76.74
P3550,4.093023255813954,86,positive,74.42
P469519,4.741176470588235,85,positive,92.94
P429637,3.4,85,positive,60.0
P504064,4.635294117647059,85,positive,92.94
P122762,4.047058823529412,85,positive,71.76
P416755,3.9404761904761907,84,positive,71.43
P500626,4.035714285714286,84,positive,71.43
P476009,4.761904761904762,84,positive,96.43
P501243,4.119047619047619,84,positive,78.57
P476538,4.440476190476191,84,positive,86.9
P439672,3.7142857142857144,84,positive,64.29
P461520,4.214285714285714,84,positive,79.76
P442859,4.421686746987952,83,positive,85.54
P4015,4.132530120481928,83,positive,75.9
P465803,4.879518072289157,83,positive,97.59
P503642,4.240963855421687,83,positive,80.72
P440658,4.421686746987952,83,positive,80.72
P483697,4.710843373493976,83,positive,92.77
P470240,4.253012048192771,83,positive,77.11
P500318,4.463414634146342,82,positive,87.8
P504028,3.926829268292683,82,positive,69.51
P462748,4.2682926829268295,82,positive,78.05
P450211,3.9878048780487805,82,positive,69.51
P447504,4.060975609756097,82,positive,76.83
P471097,4.560975609756097,82,positive,89.02
P457694,4.2926829268292686,82,positive,82.93
P392144,4.2682926829268295,82,positive,78.05
P503913,4.780487804878049,82,positive,95.12
P480628,4.804878048780488,82,positive,95.12
P460758,4.283950617283951,81,positive,75.31
P481701,4.691358024691358,81,positive,91.36
P501178,4.469135802469136,81,positive,90.12
P483455,4.8,80,positive,96.25
P444967,4.1125,80,positive,75.0
P483128,4.3,80,positive,82.5
P395389,4.575,80,positive,90.0
P454389,3.625,80,positive,60.0
P476428,4.5125,80,positive,90.0
P455212,3.7125,80,positive,66.25
P500988,4.2875,80,positive,81.25
P377368,3.85,80,positive,70.0
P429661,4.227848101265823,79,positive,77.22
P443366,4.417721518987341,79,positive,89.87
P503651,4.886075949367089,79,positive,98.73
P456194,4.6075949367088604,79,positive,89.87
P483457,4.8354430379746836,79,positive,94.94
P451748,4.333333333333333,78,positive,83.33
P429522,3.7051282051282053,78,positive,60.26
P471793,4.4743589743589745,78,positive,84.62
P474110,4.675324675324675,77,positive,92.21
P440483,3.948051948051948,77,positive,72.73
P388200,4.298701298701299,77,positive,80.52
P419633,4.064935064935065,77,positive,77.92
P482510,4.644736842105263,76,positive,93.42
P471761,4.328947368421052,76,positive,78.95
P416344,3.933333333333333,75,positive,68.0
P500101,4.693333333333333,75,positive,94.67
P398502,4.44,75,positive,85.33
P473148,4.253333333333333,75,positive,80.0
P423157,3.64,75,neutral,65.33
P455618,4.413333333333333,75,positive,88.0
P501166,4.733333333333333,75,positive,94.67
P501199,4.546666666666667,75,positive,89.33
P468149,4.213333333333333,75,positive,80.0
P464240,4.45945945945946,74,positive,89.19
P460554,4.635135135135135,74,positive,93.24
P464244,4.581081081081081,74,positive,89.19
P484081,4.648648648648648,74,positive,94.59
P430813,4.0,74,positive,72.97
P470535,4.743243243243243,74,positive,95.95
P402014,3.9726027397260273,73,positive,65.75
P408230,4.7534246575342465,73,positive,91.78
P413613,3.9726027397260273,73,positive,72.6
P201440,3.958904109589041,73,positive,69.86
P503878,4.561643835616438,73,positive,87.67
P2043,4.52054794520548,73,positive,91.78
P500117,4.273972602739726,73,positive,78.08
P417241,4.191780821917808,73,positive,79.45
P446638,4.6438356164383565,73,positive,97.26
P504429,4.808219178082192,73,positive,97.26
P433468,4.083333333333333,72,positive,73.61
P500113,4.069444444444445,72,positive,77.78
P448537,4.180555555555555,72,positive,77.78
P232906,4.236111111111111,72,positive,80.56
P504433,4.708333333333333,72,positive,95.83
P429526,4.305555555555555,72,positive,83.33
P500716,4.732394366197183,71,positive,97.18
P205614,3.436619718309859,71,positive,52.11
P294018,4.295774647887324,71,positive,83.1
P429659,4.271428571428571,70,positive,82.86
P503992,4.871428571428571,70,positive,98.57
P449102,4.428571428571429,70,positive,87.14
P504421,4.8428571428571425,70,positive,97.14
P471045,4.485714285714286,70,positive,84.29
P454821,3.8285714285714287,70,positive,70.0
P271682,3.357142857142857,70,positive,55.71
P476683,4.457142857142857,70,positive,90.0
P505049,4.855072463768116,69,positive,100.0
P385253,4.043478260869565,69,positive,72.46
P481703,3.8550724637681157,69,positive,68.12
P467972,4.7101449275362315,69,positive,92.75
P440926,4.161764705882353,68,positive,77.94
P464237,3.7761194029850746,67,positive,64.18
P397622,4.134328358208955,67,positive,79.1
P217932,4.208955223880597,67,positive,77.61
P469111,4.746268656716418,67,positive,95.52
P483696,4.746268656716418,67,positive,92.54
P433618,4.136363636363637,66,positive,72.73
P440317,3.727272727272727,66,positive,68.18
P475172,4.696969696969697,66,positive,90.91
P501421,4.696969696969697,66,positive,92.42
P442853,3.909090909090909,66,positive,68.18
P504044,4.6,65,positive,90.77
P469520,4.6923076923076925,65,positive,90.77
P475540,4.6923076923076925,65,positive,92.31
P386755,4.3538461538461535,65,positive,86.15
P471041,4.292307692307692,65,positive,78.46
P502046,4.615384615384615,65,positive,90.77
P469196,3.859375,64,positive,65.62
P500109,4.125,64,positive,78.12
P444225,4.328125,64,positive,82.81
P440933,4.125,64,positive,75.0
P483699,4.5625,64,positive,89.06
P402992,3.65625,64,positive,65.62
P456991,3.640625,64,positive,64.06
P392607,3.578125,64,positive,59.38
P501031,4.65625,64,positive,95.31
P463613,3.484375,64,positive,57.81
P385320,3.65625,64,positive,65.62
P442539,4.265625,64,positive,85.94
P504523,3.984375,64,positive,71.88
P474940,3.5873015873015874,63,positive,60.32
P455622,3.5873015873015874,63,positive,60.32
P483661,4.603174603174603,63,positive,88.89
P416312,4.031746031746032,63,positive,73.02
P482327,3.9365079365079363,63,positive,68.25
P440484,4.476190476190476,63,positive,85.71
P469112,4.634920634920635,63,positive,88.89
P385773,4.145161290322581,62,positive,82.26
P444013,4.048387096774194,62,positive,72.58
P385631,4.241935483870968,62,positive,77.42
P483700,4.354838709677419,62,positive,85.48
P433974,4.596774193548387,62,positive,90.32
P503867,4.532258064516129,62,positive,95.16
P469086,4.67741935483871,62,positive,90.32
P500746,4.596774193548387,62,positive,93.55
P503865,4.048387096774194,62,positive,72.58
P440072,3.8870967741935485,62,positive,69.35
P424985,3.9836065573770494,61,positive,72.13
P504171,4.377049180327869,61,positive,88.52
P461936,4.229508196721311,61,positive,80.33
P442540,4.344262295081967,61,positive,86.89
P475180,4.311475409836065,61,positive,88.52
P410883,4.216666666666667,60,positive,78.33
P475907,4.066666666666666,60,positive,78.33
P379709,3.1333333333333333,60,positive,48.33
P438628,4.816666666666666,60,positive,93.33
P503747,4.45,60,positive,86.67
P474121,4.666666666666667,60,positive,93.33
P471567,4.383333333333334,60,positive,86.67
P460627,3.1333333333333333,60,positive,45.0
P476894,4.466666666666667,60,positive,90.0
P417625,4.1,60,positive,76.67
P431733,4.677966101694915,59,positive,93.22
P459131,4.254237288135593,59,positive,79.66
P438643,4.338983050847458,59,positive,83.05
P450290,4.11864406779661,59,positive,72.88
P463964,3.7796610169491527,59,positive,61.02
P468709,4.338983050847458,59,positive,81.36
P412117,4.172413793103448,58,positive,72.41
P257537,3.6724137931034484,58,positive,63.79
P482005,4.879310344827586,58,positive,98.28
P480165,4.862068965517241,58,positive,98.28
P408241,4.5344827586206895,58,positive,89.66
P483146,4.724137931034483,58,positive,93.1
P405826,4.280701754385965,57,positive,80.7
P502326,4.807017543859649,57,positive,96.49
P475112,4.56140350877193,57,positive,89.47
P432421,3.6140350877192984,57,positive,57.89
P483698,4.684210526315789,57,positive,89.47
P385632,4.428571428571429,56,positive,83.93
P469110,4.910714285714286,56,positive,100.0
P503690,4.714285714285714,56,positive,91.07
P447773,4.25,56,positive,82.14
P122661,4.178571428571429,56,positive,80.36
P411881,3.0892857142857144,56,positive,46.43
P450587,4.660714285714286,56,positive,94.64
P500753,4.4363636363636365,55,positive,81.82
P502852,4.618181818181818,55,positive,92.73
P454771,4.636363636363637,55,positive,90.91
P482675,4.836363636363636,55,positive,98.18
P476893,4.2727272727272725,55,positive,87.27
P502479,4.636363636363637,55,positive,90.91
P503923,4.6,55,positive,92.73
P475906,4.127272727272727,55,positive,74.55
P450947,4.109090909090909,55,positive,78.18
P440490,3.6,55,positive,58.18
P422004,3.7636363636363637,55,neutral,58.18
P505139,4.8,55,positive,98.18
P440486,4.12962962962963,54,positive,70.37
P440929,4.333333333333333,54,positive,83.33
P452004,4.037037037037037,54,positive,77.78
P461161,4.2407407407407405,54,positive,79.63
P388545,4.37037037037037,54,positive,85.19
P475143,3.8867924528301887,53,positive,69.81
P456413,4.132075471698113,53,positive,73.58
P453822,4.283018867924528,53,positive,83.02
P94812,4.377358490566038,53,positive,83.02
P440502,3.339622641509434,53,positive,52.83
P503250,4.622641509433962,53,positive,92.45
P408301,3.3962264150943398,53,positive,54.72
P455931,4.377358490566038,53,positive,83.02
P392143,3.7884615384615383,52,positive,63.46
P476540,4.019230769230769,52,positive,73.08
P479703,4.6923076923076925,52,positive,94.23
P474839,4.461538461538462,52,positive,88.46
P480608,4.384615384615385,52,positive,84.62
P454090,3.326923076923077,52,positive,53.85
P480603,3.784313725490196,51,positive,64.71
P473126,4.647058823529412,51,positive,90.2
P500111,4.823529411764706,51,positive,98.04
P454395,3.9019607843137254,51,positive,72.55
P107306,3.8823529411764706,51,positive,64.71
P481408,4.372549019607843,51,positive,78.43
P471042,4.333333333333333,51,positive,80.39
P422005,3.5294117647058822,51,positive,56.86
P505160,4.333333333333333,51,positive,82.35
P447783,4.12,50,positive,76.0
P500614,4.74,50,positive,94.0
P467028,4.98,50,positive,100.0
P446629,4.4,50,positive,84.0
P503657,4.42,50,positive,82.0
P469505,4.673469387755102,49,positive,91.84
P232327,3.5918367346938775,49,positive,61.22
P447789,2.795918367346939,49,positive,38.78
P502745,4.387755102040816,49,positive,83.67
P469454,4.73469387755102,49,positive,91.84
P422428,4.285714285714286,49,positive,83.67
P504043,4.73469387755102,49,positive,93.88
P468672,4.551020408163265,49,positive,85.71
P481348,4.775510204081633,49,positive,93.88
P505338,4.877551020408164,49,positive,100.0
P440485,3.979591836734694,49,positive,71.43
P442546,4.387755102040816,49,positive,83.67
P449156,4.469387755102041,49,positive,87.76
P482328,3.9791666666666665,48,positive,70.83
P504309,4.404255319148936,47,positive,87.23
P438635,3.3617021276595747,47,positive,53.19
P410101,3.5531914893617023,47,positive,57.45
P501790,4.446808510638298,47,positive,89.36
P188306,4.456521739130435,46,positive,89.13
P502200,4.804347826086956,46,positive,93.48
P474972,3.6956521739130435,46,neutral,63.04
P504073,4.804347826086956,46,positive,95.65
P397465,4.1521739130434785,46,positive,76.09
P442841,2.739130434782609,46,positive,32.61
P433975,3.847826086956522,46,positive,67.39
P434340,3.9130434782608696,46,positive,69.57
P440306,3.5,46,positive,58.7
P472467,4.369565217391305,46,positive,82.61
P483496,4.1521739130434785,46,positive,76.09
P502197,4.8478260869565215,46,positive,95.65
P450210,3.9130434782608696,46,positive,67.39
P448562,4.413043478260869,46,positive,84.78
P474838,4.888888888888889,45,positive,100.0
P469087,3.3333333333333335,45,positive,51.11
P501213,4.5777777777777775,45,positive,95.56
P439626,3.8222222222222224,45,positive,66.67
P473336,4.444444444444445,45,positive,86.67
P467969,4.7272727272727275,44,positive,95.45
P504506,4.704545454545454,44,positive,95.45
P504026,4.886363636363637,44,positive,95.45
P473723,4.5,44,positive,86.36
P455341,4.386363636363637,44,positive,81.82
P432662,3.1818181818181817,44,positive,50.0
P201439,4.045454545454546,44,positive,72.73
P503991,4.886363636363637,44,positive,95.45
P461521,3.6363636363636362,44,positive,61.36
P480444,4.113636363636363,44,positive,75.0
P469831,4.5227272727272725,44,positive,84.09
P433522,4.340909090909091,44,positive,81.82
P440501,3.8372093023255816,43,positive,65.12
P471040,4.325581395348837,43,positive,81.4
P448710,4.465116279069767,43,positive,88.37
P504325,4.790697674418604,43,positive,95.35
P387511,3.5348837209302326,43,positive,55.81
P474111,4.604651162790698,43,positive,88.37
P402943,3.7906976744186047,43,positive,65.12
P401158,4.837209302325581,43,positive,97.67
P504644,3.9302325581395348,43,positive,69.77
P479840,3.627906976744186,43,positive,65.12
P447597,4.3023255813953485,43,positive,74.42
P481700,4.325581395348837,43,positive,81.4
P481086,4.738095238095238,42,positive,95.24
P270544,4.095238095238095,42,positive,78.57
P7365,3.7857142857142856,42,positive,71.43
P421271,3.0714285714285716,42,positive,42.86
P474957,3.8333333333333335,42,positive,69.05
P447790,3.761904761904762,42,positive,69.05
P424984,4.142857142857143,42,positive,73.81
P475183,4.285714285714286,42,positive,88.1
P469517,4.571428571428571,42,positive,90.48
P455919,4.095238095238095,42,positive,66.67
P482754,4.380952380952381,42,positive,90.48
P456957,4.309523809523809,42,positive,78.57
P478021,4.761904761904762,42,positive,95.24
P501316,4.170731707317073,41,positive,78.05
P398717,4.585365853658536,41,positive,90.24
P399622,4.365853658536586,41,positive,82.93
P475188,4.048780487804878,41,positive,73.17
P457002,4.878048780487805,41,positive,95.12
P474122,4.853658536585366,41,positive,97.56
P437477,3.317073170731707,41,positive,56.1
P474109,4.829268292682927,41,positive,97.56
P482068,4.878048780487805,41,positive,97.56
P392004,4.2926829268292686,41,positive,82.93
P469478,3.8048780487804876,41,positive,65.85
P448563,3.4146341463414633,41,positive,51.22
P502640,4.829268292682927,41,positive,97.56
P6028,4.048780487804878,41,positive,73.17
P481060,4.658536585365853,41,positive,95.12
P476679,4.926829268292683,41,positive,100.0
P9939,4.121951219512195,41,positive,78.05
P419466,4.95,40,positive,97.5
P444964,3.75,40,positive,62.5
P437960,4.125,40,positive,75.0
P478020,4.475,40,positive,85.0
P504076,4.8,40,positive,97.5
P454376,4.025,40,positive,75.0
P469527,4.55,40,positive,90.0
P481341,4.625,40,positive,90.0
P446612,3.5384615384615383,39,positive,58.97
P417118,4.461538461538462,39,positive,82.05
P469513,4.128205128205129,39,positive,76.92
P467651,4.17948717948718,39,positive,76.92
P475184,4.205128205128205,39,positive,79.49
P412407,3.7948717948717947,39,positive,69.23
P446916,3.8205128205128207,39,positive,69.23
P502756,4.128205128205129,39,positive,74.36
P455217,3.948717948717949,39,positive,71.79
P401570,4.461538461538462,39,positive,87.18
P479701,4.564102564102564,39,positive,87.18
P461162,4.487179487179487,39,positive,87.18
P502691,4.282051282051282,39,positive,79.49
P505158,4.894736842105263,38,positive,100.0
P442734,4.342105263157895,38,positive,81.58
P474116,4.421052631578948,38,positive,89.47
P4032,3.789473684210526,38,positive,68.42
P422648,4.657894736842105,38,positive,89.47
P393501,4.0,38,positive,78.95
P501017,4.868421052631579,38,positive,97.37
P270543,4.243243243243243,37,positive,83.78
P503827,4.216216216216216,37,positive,78.38
P427729,3.6486486486486487,37,positive,59.46
P398500,4.162162162162162,37,positive,81.08
P475197,4.162162162162162,37,positive,78.38
P458964,4.054054054054054,37,positive,75.68
P481834,4.945945945945946,37,positive,97.3
P423159,4.0,37,positive,72.97
P454385,4.162162162162162,37,positive,78.38
P433884,4.351351351351352,37,positive,83.78
P475193,4.45945945945946,37,positive,91.89
P467970,4.675675675675675,37,positive,91.89
P472024,4.8108108108108105,37,positive,94.59
P392945,3.810810810810811,37,positive,70.27
P386759,3.9166666666666665,36,positive,69.44
P440309,4.333333333333333,36,positive,83.33
P504794,4.166666666666667,36,positive,77.78
P460746,4.444444444444445,36,positive,86.11
P471566,4.138888888888889,36,positive,75.0
P380027,4.666666666666667,36,positive,88.89
P459116,4.333333333333333,36,positive,77.78
P500160,4.5,36,positive,91.67
P442747,3.2777777777777777,36,positive,50.0
P502749,3.75,36,positive,63.89
P417111,3.1714285714285713,35,positive,48.57
P383052,3.342857142857143,35,positive,48.57
P392142,3.9714285714285715,35,positive,68.57
P423264,4.457142857142857,35,positive,82.86
P481710,4.371428571428571,35,positive,85.71
P385262,3.1142857142857143,35,positive,48.57
P38217,4.428571428571429,35,positive,82.86
P465808,3.6857142857142855,35,positive,60.0
P441045,4.171428571428572,35,positive,77.14
P386757,3.6857142857142855,35,positive,65.71
P469508,4.514285714285714,35,positive,88.57
P440494,4.171428571428572,35,positive,77.14
P504524,3.823529411764706,34,positive,67.65
P448554,3.8529411764705883,34,positive,70.59
P407381,4.0,34,positive,70.59
P504575,4.764705882352941,34,positive,94.12
P469525,4.0,34,positive,73.53
P440489,4.147058823529412,34,positive,76.47
P483060,4.264705882352941,34,positive,76.47
P477202,4.764705882352941,34,positive,97.06
P505452,4.705882352941177,34,positive,100.0
P122782,4.352941176470588,34,positive,79.41
P444968,3.4705882352941178,34,positive,58.82
P469544,4.212121212121212,33,positive,81.82
P452002,3.787878787878788,33,positive,63.64
P472341,4.545454545454546,33,positive,84.85
P476678,4.666666666666667,33,positive,100.0
P475189,4.2727272727272725,33,positive,81.82
P503920,4.696969696969697,33,positive,96.97
P435801,3.9393939393939394,33,positive,72.73
P196524,4.0606060606060606,33,positive,75.76
P455897,3.9696969696969697,33,positive,72.73
P469504,4.666666666666667,33,positive,93.94
P456997,4.606060606060606,33,positive,90.91
P296413,3.5757575757575757,33,positive,54.55
P468818,4.121212121212121,33,positive,75.76
P411360,4.393939393939394,33,positive,84.85
P455610,3.625,32,positive,59.38
P472343,4.6875,32,positive,90.62
P504637,4.90625,32,positive,100.0
P474115,4.875,32,positive,96.88
P500705,4.78125,32,positive,96.88
P477413,4.8125,32,positive,96.88
P409834,4.03125,32,positive,78.12
P474956,4.09375,32,positive,75.0
P379705,4.0,32,positive,68.75
P475186,4.15625,32,positive,84.38
P502710,3.78125,32,positive,68.75
P431416,4.71875,32,positive,93.75
P469526,3.903225806451613,31,positive,67.74
P475192,4.129032258064516,31,positive,77.42
P469833,4.709677419354839,31,positive,96.77
P475195,4.129032258064516,31,positive,77.42
P423143,4.161290322580645,31,positive,70.97
P377919,4.096774193548387,31,positive,77.42
P483701,4.258064516129032,31,positive,74.19
P482007,4.290322580645161,31,positive,80.65
P482740,4.451612903225806,31,positive,87.1
P503926,4.387096774193548,31,positive,83.87
P469832,4.483870967741935,31,positive,87.1
P469515,4.733333333333333,30,positive,93.33
P503927,4.533333333333333,30,positive,90.0
P469512,4.066666666666666,30,positive,80.0
P417114,4.133333333333334,30,positive,76.67
P456989,4.066666666666666,30,positive,70.0
P476675,4.666666666666667,30,positive,96.67
P173652,4.333333333333333,30,positive,83.33
P460010,2.566666666666667,30,negative,33.33
P440491,4.466666666666667,30,positive,86.67
P459835,3.466666666666667,30,positive,56.67
P470048,4.0,30,positive,66.67
P379995,3.966666666666667,30,positive,70.0
P502395,4.833333333333333,30,positive,100.0
P455215,3.103448275862069,29,neutral,48.28
P504849,4.793103448275862,29,positive,96.55
P459140,3.5172413793103448,29,positive,58.62
P442745,4.655172413793103,29,positive,89.66
P502741,3.9310344827586206,29,positive,68.97
P470533,4.758620689655173,29,positive,93.1
P503652,4.586206896551724,29,positive,93.1
P410756,3.793103448275862,29,positive,62.07
P476680,4.586206896551724,29,positive,93.1
P474107,4.793103448275862,29,positive,93.1
P477714,4.0344827586206895,29,positive,75.86
P472466,3.8275862068965516,29,positive,65.52
P427641,3.392857142857143,28,positive,50.0
P383053,3.8214285714285716,28,positive,67.86
P473728,3.642857142857143,28,positive,64.29
P446908,4.464285714285714,28,positive,82.14
P433617,4.321428571428571,28,positive,78.57
P502997,3.0714285714285716,28,positive,46.43
P480191,4.75,28,positive,96.43
P397625,3.6785714285714284,28,positive,57.14
P122727,4.107142857142857,28,positive,75.0
P502986,4.892857142857143,28,positive,96.43
P504277,4.821428571428571,28,positive,96.43
P442263,2.8214285714285716,28,neutral,35.71
P449835,3.4285714285714284,28,positive,64.29
P454937,3.7777777777777777,27,positive,62.96
P232902,4.111111111111111,27,positive,77.78
P474970,3.814814814814815,27,positive,59.26
P475187,4.074074074074074,27,positive,81.48
P438648,3.814814814814815,27,positive,62.96
P442001,4.222222222222222,27,positive,74.07
P471062,4.7407407407407405,27,positive,92.59
P500445,4.222222222222222,27,positive,77.78
P481743,4.777777777777778,27,positive,100.0
P468652,4.62962962962963,27,positive,92.59
P476736,4.814814814814815,27,positive,96.3
P379704,4.222222222222222,27,positive,77.78
P444969,3.7777777777777777,27,positive,66.67
P447787,3.7777777777777777,27,positive,62.96
P433469,4.0,27,positive,74.07
P484033,4.384615384615385,26,positive,84.62
P480986,3.8846153846153846,26,positive,73.08
P505711,4.615384615384615,26,positive,88.46
P406529,4.5,26,positive,84.62
P505408,4.153846153846154,26,positive,76.92
P472031,4.615384615384615,26,positive,84.62
P416728,4.730769230769231,26,positive,96.15
P504056,4.8076923076923075,26,positive,100.0
P504059,4.961538461538462,26,positive,100.0
P399656,4.538461538461538,26,positive,88.46
P448711,4.346153846153846,26,positive,80.77
P475590,3.4615384615384617,26,positive,53.85
P376135,4.576923076923077,26,positive,88.46
P416538,4.230769230769231,26,positive,76.92
P441645,4.269230769230769,26,positive,76.92
P470247,4.769230769230769,26,positive,96.15
P481742,4.6923076923076925,26,positive,92.31
P436378,4.423076923076923,26,positive,84.62
P484055,3.769230769230769,26,positive,65.38
P468671,4.384615384615385,26,positive,76.92
P503809,4.8076923076923075,26,positive,96.15
P417107,4.423076923076923,26,positive,80.77
P473724,4.72,25,positive,96.0
P468143,3.48,25,positive,56.0
P469516,4.48,25,positive,84.0
P440496,3.84,25,positive,68.0
P392472,3.96,25,positive,72.0
P440492,4.0,24,positive,70.83
P472022,4.458333333333333,24,positive,87.5
P470049,4.541666666666667,24,positive,87.5
P471085,3.75,24,positive,66.67
P449836,4.333333333333333,24,positive,83.33
P476681,4.666666666666667,24,positive,87.5
P406941,4.25,24,positive,75.0
P440302,3.5833333333333335,24,positive,54.17
P423165,4.083333333333333,24,positive,75.0
P433440,3.7083333333333335,24,positive,66.67
P433524,4.333333333333333,24,positive,83.33
P433155,4.166666666666667,24,positive,83.33
P417323,4.375,24,positive,87.5
P442748,4.333333333333333,24,positive,83.33
P379064,4.75,24,positive,91.67
P386764,2.7916666666666665,24,negative,37.5
P433461,3.875,24,positive,70.83
P388262,4.083333333333333,24,positive,70.83
P244701,4.375,24,positive,87.5
P502322,4.75,24,positive,95.83
P476436,4.708333333333333,24,positive,91.67
P456204,3.2083333333333335,24,neutral,54.17
P505211,4.782608695652174,23,positive,100.0
P423690,4.260869565217392,23,positive,82.61
P428423,4.217391304347826,23,positive,78.26
P475204,4.0,23,positive,73.91
P443550,4.086956521739131,23,positive,73.91
P445726,3.869565217391304,23,positive,56.52
P444615,3.9565217391304346,23,positive,69.57
P417243,4.391304347826087,23,positive,78.26
P446518,4.3478260869565215,23,positive,78.26
P440493,3.4782608695652173,23,neutral,52.17
P456210,3.260869565217391,23,positive,52.17
P504988,4.826086956521739,23,positive,95.65
P388982,4.0,23,positive,73.91
P394702,4.086956521739131,23,positive,73.91
P397626,3.260869565217391,23,positive,43.48
P456990,3.260869565217391,23,neutral,47.83
P403748,4.0,23,positive,73.91
P404169,3.9565217391304346,23,positive,69.57
P469518,4.521739130434782,23,positive,86.96
P407040,4.304347826086956,23,positive,82.61
P424987,3.590909090909091,22,positive,63.64
P469514,4.590909090909091,22,positive,90.91
P454514,3.6363636363636362,22,positive,63.64
P379907,4.7727272727272725,22,positive,95.45
P455909,4.5,22,positive,86.36
P481390,4.2727272727272725,22,positive,77.27
P505316,4.954545454545454,22,positive,100.0
P474118,4.318181818181818,22,positive,86.36
P417115,4.590909090909091,22,positive,86.36
P446639,3.5,22,positive,63.64
P442548,4.2272727272727275,22,positive,81.82
P432256,4.318181818181818,22,positive,81.82
P122651,4.5,22,positive,86.36
P377178,4.090909090909091,22,positive,77.27
P476676,4.954545454545454,22,positive,100.0
P505047,4.954545454545454,22,positive,100.0
P458733,3.6363636363636362,22,positive,59.09
P446820,3.3181818181818183,22,positive,54.55
P503683,4.571428571428571,21,positive,85.71
P471064,2.8095238095238093,21,positive,42.86
P420638,4.333333333333333,21,positive,76.19
P442267,3.9523809523809526,21,positive,61.9
P447409,4.285714285714286,21,positive,80.95
P443375,3.0952380952380953,21,neutral,47.62
P421249,4.0,21,positive,71.43
P504892,4.809523809523809,21,positive,100.0
P464799,2.4285714285714284,21,positive,33.33
P504208,3.9523809523809526,21,positive,71.43
P504218,4.380952380952381,21,positive,80.95
P482755,4.476190476190476,21,positive,95.24
P442860,3.5238095238095237,21,positive,57.14
P440499,4.380952380952381,21,positive,85.71
P474376,3.4761904761904763,21,positive,57.14
P483092,4.619047619047619,21,positive,90.48
P449150,4.476190476190476,21,positive,85.71
P468634,4.809523809523809,21,positive,95.24
P503928,3.9047619047619047,21,positive,66.67
P504446,4.75,20,positive,100.0
P480600,3.55,20,neutral,55.0
P461200,4.65,20,positive,90.0
P457519,3.9,20,positive,70.0
P481401,4.65,20,positive,95.0
P196542,4.25,20,positive,90.0
P475196,4.45,20,positive,90.0
P461947,4.45,20,positive,85.0
P457441,4.65,20,positive,90.0
P482694,3.3,20,positive,55.0
P500399,4.75,20,positive,95.0
P500412,4.8,20,positive,95.0
P474125,4.7,20,positive,90.0
P475200,4.05,20,positive,70.0
P447608,3.25,20,positive,45.0
P470510,3.9,20,positive,70.0
P433621,4.15,20,positive,70.0
P501587,4.25,20,positive,75.0
P476485,4.6,20,positive,90.0
P479688,4.25,20,positive,85.0
P456407,4.15,20,positive,75.0
P383051,3.8,20,positive,65.0
P504313,4.75,20,positive,95.0
P454315,4.35,20,positive,80.0
P469449,3.25,20,positive,50.0
P439648,2.9473684210526314,19,neutral,42.11
P440500,3.9473684210526314,19,positive,78.95
P446822,3.736842105263158,19,neutral,63.16
P467650,3.526315789473684,19,positive,52.63
P504134,4.157894736842105,19,positive,68.42
P406942,4.2631578947368425,19,positive,78.95
P455227,3.8421052631578947,19,positive,63.16
P377576,4.315789473684211,19,positive,78.95
P405286,4.2631578947368425,19,positive,78.95
P461195,4.0,19,positive,73.68
P422253,3.888888888888889,18,positive,72.22
P502169,4.722222222222222,18,positive,94.44
P431419,2.7222222222222223,18,negative,33.33
P476674,4.722222222222222,18,positive,94.44
P422649,4.222222222222222,18,positive,77.78
P473268,4.0,18,positive,72.22
P432835,4.111111111111111,18,positive,77.78
P428422,4.111111111111111,18,positive,72.22
P501004,4.611111111111111,18,positive,83.33
P471547,4.222222222222222,18,positive,72.22
P470245,4.666666666666667,18,positive,94.44
P481058,4.666666666666667,18,positive,83.33
P382356,4.388888888888889,18,positive,77.78
P408678,3.888888888888889,18,positive,66.67
P448715,4.555555555555555,18,positive,94.44
P483151,3.9444444444444446,18,positive,72.22
P404168,3.4444444444444446,18,positive,55.56
P469200,3.5,18,positive,55.56
P404232,4.5,18,positive,83.33
P461535,4.222222222222222,18,positive,83.33
P386760,4.5,18,positive,88.89
P395417,3.6666666666666665,18,positive,66.67
P504199,4.833333333333333,18,positive,94.44
P505142,4.833333333333333,18,positive,94.44
P505140,4.611111111111111,18,positive,100.0
P429676,3.235294117647059,17,positive,47.06
P481699,4.529411764705882,17,positive,88.24
P409816,4.588235294117647,17,positive,88.24
P456569,4.705882352941177,17,positive,94.12
P469085,4.235294117647059,17,positive,76.47
P480280,3.7058823529411766,17,positive,64.71
P504880,4.705882352941177,17,positive,88.24
P296415,3.823529411764706,17,positive,64.71
P374841,2.0588235294117645,17,neutral,23.53
P500428,3.7058823529411766,17,positive,70.59
P474057,4.875,16,positive,93.75
P122876,4.1875,16,positive,75.0
P504016,4.9375,16,positive,100.0
P4039,4.5625,16,positive,93.75
P457468,2.9375,16,neutral,37.5
P378219,3.875,16,positive,75.0
P480300,4.9375,16,positive,100.0
P447607,3.625,16,neutral,62.5
P505133,5.0,16,positive,100.0
P417604,4.375,16,positive,81.25
P386762,4.625,16,positive,87.5
P504031,4.9375,16,positive,100.0
P467106,4.6875,16,positive,93.75
P423164,4.0,16,positive,62.5
P440505,4.3125,16,positive,75.0
P440923,3.5,16,positive,56.25
P478274,3.625,16,neutral,56.25
P448553,4.1875,16,positive,81.25
P447788,3.8125,16,positive,62.5
P476842,2.9375,16,positive,37.5
P217931,3.9375,16,positive,62.5
P501185,4.75,16,positive,93.75
P444990,2.5,16,positive,37.5
P282935,3.5,16,neutral,56.25
P469523,3.125,16,positive,50.0
P457439,3.6,15,positive,53.33
P481339,4.2,15,positive,80.0
P482312,4.733333333333333,15,positive,93.33
P458573,4.666666666666667,15,positive,93.33
P399934,4.266666666666667,15,positive,80.0
P443810,3.1333333333333333,15,negative,53.33
P457854,4.6,15,positive,86.67
P470248,4.533333333333333,15,positive,93.33
P430338,4.133333333333334,15,positive,80.0
P481975,4.8,15,positive,93.33
P438642,3.4,15,neutral,40.0
P460511,4.466666666666667,15,positive,86.67
P502758,4.6,15,positive,93.33
P428005,4.466666666666667,15,positive,80.0
P503562,3.933333333333333,15,positive,73.33
P455235,4.8,15,positive,93.33
P409920,4.333333333333333,15,positive,86.67
P469451,4.4,15,positive,86.67
P469448,2.3333333333333335,15,negative,33.33
P433465,4.0,14,positive,71.43
P501024,4.214285714285714,14,positive,85.71
P471011,4.714285714285714,14,positive,92.86
P461199,4.357142857142857,14,positive,78.57
P397627,3.357142857142857,14,positive,64.29
P502848,4.357142857142857,14,positive,85.71
P408542,4.142857142857143,14,positive,71.43
P470246,4.571428571428571,14,positive,92.86
P500771,4.357142857142857,14,positive,85.71
P428637,4.0,14,positive,64.29
P474968,4.357142857142857,14,positive,78.57
P433619,4.0,14,positive,71.43
P422260,3.5,14,positive,50.0
P472180,3.7142857142857144,14,positive,57.14
P431418,3.5714285714285716,14,positive,57.14
P448558,2.857142857142857,14,negative,42.86
P505233,5.0,14,positive,100.0
P472311,3.7857142857142856,14,positive,71.43
P405827,3.2142857142857144,14,positive,57.14
P451745,4.571428571428571,14,positive,92.86
P469521,3.4285714285714284,14,neutral,57.14
P2046,4.5,14,positive,85.71
P457520,3.7142857142857144,14,positive,64.29
P468229,3.9285714285714284,14,positive,64.29
P455421,3.7142857142857144,14,positive,71.43
P505145,4.538461538461538,13,positive,92.31
P454377,4.153846153846154,13,positive,69.23
P416725,3.8461538461538463,13,positive,69.23
P470545,4.076923076923077,13,positive,69.23
P466878,3.230769230769231,13,positive,46.15
P481712,4.461538461538462,13,positive,84.62
P458961,4.230769230769231,13,positive,76.92
P481837,4.615384615384615,13,positive,84.62
P423145,3.6923076923076925,13,positive,69.23
P395723,4.538461538461538,13,positive,92.31
P481973,4.6923076923076925,13,positive,92.31
P460704,4.230769230769231,13,positive,84.62
P464250,4.3076923076923075,13,positive,76.92
P392522,4.769230769230769,13,positive,92.31
P433466,4.846153846153846,13,positive,100.0
P467635,3.923076923076923,13,positive,69.23
P429508,4.076923076923077,13,positive,76.92
P503294,2.4615384615384617,13,neutral,15.38
P444470,4.6923076923076925,13,positive,92.31
P483090,2.923076923076923,13,positive,46.15
P454029,4.615384615384615,13,positive,92.31
P454822,3.6923076923076925,13,positive,69.23
P504773,4.230769230769231,13,positive,76.92
P472067,4.076923076923077,13,positive,76.92
P456992,3.8461538461538463,13,positive,61.54
P455332,4.538461538461538,13,positive,84.62
P408273,3.6153846153846154,13,positive,61.54
P456401,3.8461538461538463,13,positive,69.23
P483075,4.384615384615385,13,positive,84.62
P454391,3.6923076923076925,13,positive,61.54
P483057,2.6666666666666665,12,neutral,33.33
P454939,4.5,12,positive,91.67
P482322,4.5,12,positive,91.67
P428636,3.5833333333333335,12,positive,50.0
P433446,4.25,12,positive,75.0
P433962,4.583333333333333,12,positive,91.67
P474830,4.0,12,positive,75.0
P282920,3.5833333333333335,12,positive,66.67
P480358,4.416666666666667,12,positive,83.33
P448557,4.166666666666667,12,positive,83.33
P449164,3.75,12,positive,58.33
P443549,4.5,12,positive,91.67
P448542,4.0,12,positive,66.67
P469806,3.5833333333333335,12,positive,50.0
P427731,4.583333333333333,12,positive,83.33
P504786,3.4166666666666665,12,positive,58.33
P480607,3.75,12,neutral,66.67
P504636,3.75,12,positive,66.67
P455010,2.9166666666666665,12,positive,50.0
P456203,3.5833333333333335,12,neutral,58.33
P383308,3.1666666666666665,12,positive,50.0
P504327,4.25,12,positive,75.0
P417110,3.272727272727273,11,positive,54.55
P504919,4.545454545454546,11,positive,90.91
P480150,5.0,11,positive,100.0
P458962,3.8181818181818183,11,positive,54.55
P476860,4.363636363636363,11,positive,81.82
P438632,4.363636363636363,11,positive,72.73
P481376,3.6363636363636362,11,positive,54.55
P481368,4.636363636363637,11,positive,90.91
P500982,3.909090909090909,11,positive,63.64
P461950,4.363636363636363,11,positive,81.82
P467628,3.0,11,positive,45.45
P430809,4.363636363636363,11,positive,81.82
P469028,3.0,11,positive,45.45
P504774,4.545454545454546,11,positive,90.91
P483495,4.181818181818182,11,positive,81.82
P504795,4.7272727272727275,11,positive,90.91
P504784,4.181818181818182,11,positive,72.73
P448564,3.909090909090909,11,positive,72.73
P476677,4.2727272727272725,11,positive,81.82
P450934,4.2727272727272725,11,positive,81.82
P482698,4.2727272727272725,11,positive,81.82
P454807,4.545454545454546,11,positive,90.91
P468412,4.090909090909091,11,positive,72.73
P455191,3.3636363636363638,11,positive,54.55
P503868,4.2727272727272725,11,positive,72.73
P423163,4.9,10,positive,100.0
P500856,3.8,10,positive,70.0
P457012,3.6,10,positive,60.0
P481347,3.0,10,positive,50.0
P463792,3.5,10,positive,60.0
P457272,3.6,10,positive,60.0
P458958,4.1,10,neutral,80.0
P504040,4.9,10,positive,100.0
P467129,3.4,10,positive,60.0
P383054,4.0,10,positive,70.0
P410809,4.2,10,positive,80.0
P468354,4.6,10,positive,100.0
P470508,3.6,10,neutral,60.0
P503935,4.5,10,positive,90.0
P500743,4.4,10,positive,80.0
P379009,3.5,10,positive,60.0
P383182,2.1,10,negative,10.0
P445822,3.9,10,positive,70.0
P446111,3.9,10,positive,70.0
P480166,3.6,10,positive,50.0
P443377,3.5,10,neutral,60.0
P443812,3.6,10,positive,50.0
P442537,3.1,10,neutral,40.0
P422848,4.5,10,positive,90.0
P482318,2.1,10,neutral,30.0
P482314,2.6,10,negative,40.0
P457011,4.8,10,positive,100.0
P449601,4.2,10,positive,80.0
P471086,4.9,10,positive,100.0
P410755,3.7,10,positive,60.0
P476515,3.7,10,positive,60.0
P500096,3.8,10,positive,70.0
P302900,3.5555555555555554,9,positive,66.67
P410657,4.222222222222222,9,positive,77.78
P447604,4.555555555555555,9,positive,88.89
P480346,4.888888888888889,9,positive,100.0
P500106,4.222222222222222,9,positive,77.78
P469830,4.0,9,positive,77.78
P428103,4.555555555555555,9,positive,77.78
P443376,3.6666666666666665,9,positive,55.56
P500012,4.777777777777778,9,positive,100.0
P442542,4.777777777777778,9,positive,88.89
P467755,3.5555555555555554,9,positive,55.56
P449410,3.7777777777777777,9,positive,55.56
P375864,4.666666666666667,9,positive,88.89
P122767,2.888888888888889,9,neutral,44.44
P173622,4.555555555555555,9,positive,88.89
P460756,3.7777777777777777,9,positive,66.67
P433620,3.0,9,neutral,33.33
P393600,3.3333333333333335,9,positive,55.56
P392892,3.888888888888889,9,positive,66.67
P380001,4.555555555555555,9,positive,88.89
P504023,4.444444444444445,9,positive,77.78
P503942,4.333333333333333,9,positive,88.89
P472068,4.333333333333333,9,positive,77.78
P430405,4.222222222222222,9,positive,66.67
P474964,4.222222222222222,9,positive,77.78
P475961,4.444444444444445,9,positive,88.89
P474114,5.0,8,positive,100.0
P375354,4.625,8,positive,87.5
P500774,4.5,8,positive,75.0
P474080,3.875,8,positive,62.5
P467107,4.5,8,positive,87.5
P428639,3.875,8,positive,75.0
P504303,4.875,8,positive,100.0
P467112,4.875,8,positive,100.0
P476432,4.25,8,positive,87.5
P427640,4.125,8,positive,62.5
P436346,4.25,8,positive,75.0
P438629,4.0,8,positive,62.5
P464288,3.875,8,positive,62.5
P449411,3.375,8,neutral,37.5
P474036,3.625,8,neutral,62.5
P479861,3.625,8,positive,50.0
P374115,4.5,8,positive,87.5
P481334,3.75,8,positive,75.0
P504441,3.625,8,positive,50.0
P270600,3.625,8,positive,50.0
P483494,4.25,8,positive,87.5
P442545,4.875,8,positive,100.0
P503930,4.0,8,positive,75.0
P503901,3.375,8,positive,50.0
P500016,4.875,8,positive,100.0
P408271,3.875,8,positive,75.0
P451727,3.0,7,neutral,28.57
P448565,3.4285714285714284,7,positive,57.14
P427732,3.857142857142857,7,positive,71.43
P474943,3.857142857142857,7,positive,71.43
P436343,3.857142857142857,7,neutral,71.43
P504203,2.5714285714285716,7,negative,42.86
P435387,3.5714285714285716,7,neutral,42.86
P428414,4.857142857142857,7,positive,100.0
P461937,2.142857142857143,7,neutral,14.29
P477150,4.428571428571429,7,positive,85.71
P438638,2.4285714285714284,7,positive,28.57
P502827,4.714285714285714,7,positive,85.71
P481138,1.7142857142857142,7,neutral,14.29
P457273,3.4285714285714284,7,positive,57.14
P473185,4.285714285714286,7,positive,85.71
P471017,3.2857142857142856,7,positive,57.14
P448548,4.714285714285714,7,positive,100.0
P454375,2.857142857142857,7,positive,42.86
P469121,3.857142857142857,7,positive,57.14
P448713,4.0,7,positive,71.43
P500139,5.0,7,positive,100.0
P500248,4.714285714285714,7,positive,85.71
P429538,4.142857142857143,7,positive,85.71
P505131,4.571428571428571,7,positive,100.0
P503262,5.0,7,positive,100.0
P429675,3.7142857142857144,7,neutral,57.14
P479478,4.857142857142857,7,positive,100.0
P448545,3.4285714285714284,7,positive,57.14
P504778,4.285714285714286,7,positive,71.43
P504815,3.4285714285714284,7,neutral,57.14
P504810,4.571428571428571,7,positive,85.71
P484076,4.857142857142857,7,positive,100.0
P448551,4.428571428571429,7,positive,85.71
P448549,3.2857142857142856,7,positive,57.14
P438634,4.0,7,positive,71.43
P392891,4.857142857142857,7,positive,100.0
P405032,4.285714285714286,7,positive,85.71
P423169,3.857142857142857,7,positive,71.43
P503890,4.666666666666667,6,positive,83.33
P451737,3.6666666666666665,6,positive,66.67
P503912,3.5,6,positive,50.0
P444237,4.5,6,positive,83.33
P417359,4.166666666666667,6,positive,83.33
P202935,4.166666666666667,6,positive,83.33
P505392,5.0,6,positive,100.0
P505274,3.3333333333333335,6,positive,50.0
P232920,4.666666666666667,6,positive,83.33
P476570,4.333333333333333,6,positive,83.33
P500287,4.5,6,positive,83.33
P476496,5.0,6,positive,100.0
P503572,3.0,6,positive,50.0
P500983,5.0,6,positive,100.0
P438640,3.6666666666666665,6,positive,50.0
P482311,3.6666666666666665,6,positive,66.67
P456434,4.333333333333333,6,positive,83.33
P482259,4.333333333333333,6,positive,83.33
P482697,3.5,6,positive,66.67
P482746,4.0,6,positive,66.67
P463110,4.666666666666667,6,positive,83.33
P475926,2.3333333333333335,6,neutral,16.67
P477761,4.333333333333333,6,positive,83.33
P481350,4.333333333333333,6,positive,83.33
P504288,4.0,6,positive,83.33
P501323,5.0,6,positive,100.0
P474967,4.833333333333333,6,positive,100.0
P430143,4.666666666666667,6,positive,83.33
P474369,3.1666666666666665,6,neutral,33.33
P477734,3.2,5,positive,40.0
P438362,5.0,5,positive,100.0
P427513,4.8,5,positive,100.0
P501591,4.0,5,positive,80.0
P500785,4.8,5,positive,100.0
P436347,3.8,5,neutral,60.0
P438630,4.8,5,positive,100.0
P448544,5.0,5,positive,100.0
P502831,5.0,5,positive,100.0
P502771,3.0,5,negative,40.0
P451728,4.0,5,positive,80.0
P409227,5.0,5,positive,100.0
P500120,4.2,5,positive,80.0
P451750,4.4,5,positive,80.0
P503655,4.2,5,positive,80.0
P501003,3.4,5,positive,60.0
P502740,4.6,5,positive,100.0
P504848,4.0,5,positive,60.0
P480174,4.4,5,positive,80.0
P480610,4.4,5,positive,80.0
P380030,4.6,5,positive,100.0
P467756,3.4,5,positive,60.0
P504452,4.2,5,positive,80.0
P390987,4.0,5,positive,80.0
P462381,4.2,5,positive,80.0
P463791,4.2,5,positive,80.0
P463951,3.4,5,positive,60.0
P467649,1.4,5,neutral,0.0
P462375,3.2,5,negative,40.0
P389097,2.8,5,negative,40.0
P402993,3.0,5,positive,60.0
P482058,4.8,5,positive,100.0
P503934,3.6,5,positive,60.0
P503997,4.8,5,positive,100.0
P454800,4.2,5,positive,80.0
P454795,4.4,5,positive,80.0
P504780,2.2,5,negative,20.0
P483078,5.0,4,positive,100.0
P482313,3.5,4,positive,50.0
P458963,1.5,4,neutral,0.0
P483058,4.5,4,positive,75.0
P462378,4.5,4,positive,100.0
P463109,3.25,4,neutral,50.0
P457010,4.5,4,positive,100.0
P462379,4.25,4,positive,75.0
P481668,2.5,4,neutral,25.0
P481970,4.0,4,positive,75.0
P503892,3.75,4,positive,75.0
P463106,4.0,4,positive,75.0
P457274,4.0,4,neutral,75.0
P503933,4.0,4,positive,75.0
P504320,4.0,4,positive,75.0
P474942,5.0,4,positive,100.0
P505381,5.0,4,positive,100.0
P505378,5.0,4,positive,100.0
P309409,2.75,4,positive,50.0
P503944,3.5,4,positive,75.0
P457009,4.5,4,positive,75.0
P482256,3.0,4,positive,50.0
P468410,3.75,4,positive,75.0
P504515,2.75,4,neutral,25.0
P375854,5.0,4,positive,100.0
P480279,3.5,4,neutral,50.0
P480289,4.5,4,positive,75.0
P479973,2.5,4,negative,25.0
P480604,4.0,4,positive,75.0
P481062,3.0,4,negative,50.0
P504272,3.5,4,positive,50.0
P423166,4.25,4,positive,75.0
P500502,5.0,4,positive,100.0
P502818,5.0,4,positive,100.0
P502725,4.0,4,neutral,75.0
P439098,4.75,4,positive,100.0
P503216,4.75,4,positive,100.0
P448546,5.0,4,positive,100.0
P500238,4.75,4,positive,100.0
P503820,5.0,4,positive,100.0
P483141,3.5,4,positive,50.0
P448550,5.0,4,positive,100.0
P504050,4.5,4,positive,100.0
P481704,3.5,4,positive,50.0
P500729,4.25,4,positive,75.0
P501474,5.0,4,positive,100.0
P435790,5.0,4,positive,100.0
P502996,2.5,4,positive,25.0
P500116,4.75,4,positive,100.0
P483145,4.25,4,positive,100.0
P483693,5.0,3,positive,100.0
P503552,5.0,3,positive,100.0
P483694,5.0,3,positive,100.0
P416589,5.0,3,positive,100.0
P500060,3.6666666666666665,3,neutral,66.67
P503226,2.3333333333333335,3,negative,33.33
P500124,3.6666666666666665,3,positive,66.67
P502978,3.0,3,negative,66.67
P503123,5.0,3,positive,100.0
P444987,4.666666666666667,3,positive,100.0
P448547,4.666666666666667,3,positive,100.0
P477812,3.6666666666666665,3,positive,66.67
P502195,5.0,3,positive,100.0
P479946,5.0,3,positive,100.0
P469452,5.0,3,positive,100.0
P504447,3.0,3,positive,66.67
P481082,4.333333333333333,3,positive,66.67
P468390,5.0,3,positive,100.0
P470548,5.0,3,positive,100.0
P469193,1.3333333333333333,3,positive,0.0
P504790,4.333333333333333,3,positive,66.67
P479947,3.6666666666666665,3,positive,66.67
P405285,4.0,3,positive,66.67
P405589,4.0,3,positive,66.67
P472342,4.666666666666667,3,positive,100.0
P504049,5.0,3,positive,100.0
P481971,5.0,3,positive,100.0
P429504,4.333333333333333,3,positive,66.67
P500782,2.3333333333333335,3,negative,33.33
P439099,3.6666666666666665,3,positive,66.67
P440922,5.0,3,positive,100.0
P500482,4.0,3,positive,66.67
P446102,5.0,3,positive,100.0
P503000,5.0,3,positive,100.0
P457279,4.666666666666667,3,positive,100.0
P467608,5.0,3,positive,100.0
P504283,3.3333333333333335,3,neutral,33.33
P482021,5.0,3,positive,100.0
P482258,4.333333333333333,3,positive,100.0
P504273,3.6666666666666665,3,positive,66.67
P504987,5.0,2,neutral,100.0
P504840,2.5,2,neutral,50.0
P504985,2.0,2,negative,0.0
P504881,5.0,2,positive,100.0
P504888,3.5,2,neutral,50.0
P502235,3.5,2,positive,50.0
P423168,4.0,2,neutral,50.0
P502216,2.5,2,neutral,50.0
P502365,4.5,2,neutral,100.0
P502998,4.5,2,positive,100.0
P500998,5.0,2,positive,100.0
P500880,5.0,2,neutral,100.0
P505209,5.0,2,positive,100.0
P501550,2.5,2,negative,0.0
P477706,5.0,2,positive,100.0
P423167,5.0,2,neutral,100.0
P432240,3.0,2,neutral,50.0
P505210,5.0,2,positive,100.0
P505120,5.0,2,positive,100.0
P462386,3.0,2,neutral,0.0
P504221,5.0,2,positive,100.0
P482309,5.0,2,positive,100.0
P482747,2.5,2,negative,50.0
P503906,5.0,2,positive,100.0
P503915,4.5,2,positive,100.0
P503894,2.5,2,negative,0.0
P471545,3.5,2,neutral,50.0
P500775,3.5,2,positive,50.0
P500763,5.0,2,neutral,100.0
P502823,3.5,2,neutral,50.0
P502842,3.0,2,negative,50.0
P503872,4.5,2,neutral,100.0
P450935,3.0,2,neutral,50.0
P503560,5.0,2,positive,100.0
P500256,5.0,2,positive,100.0
P503635,4.0,2,neutral,50.0
P483458,5.0,2,positive,100.0
P504850,3.5,2,neutral,50.0
P376946,1.5,2,negative,0.0
P479974,3.5,2,neutral,50.0
P481081,3.5,2,neutral,50.0
P462384,3.0,2,neutral,50.0
P460757,3.5,2,positive,50.0
P479646,5.0,2,neutral,100.0
P472471,3.0,2,positive,50.0
P471784,5.0,2,positive,100.0
P504509,4.0,2,positive,100.0
P468196,4.0,2,neutral,50.0
P504053,5.0,2,positive,100.0
P504464,5.0,2,positive,100.0
P504517,5.0,2,positive,100.0
P483460,5.0,1,positive,100.0
P483691,1.0,1,neutral,0.0
P432255,4.0,1,positive,100.0
P501886,5.0,1,positive,100.0
P501585,5.0,1,positive,100.0
P505174,5.0,1,positive,100.0
P476571,5.0,1,positive,100.0
P501566,5.0,1,positive,100.0
P416588,5.0,1,positive,100.0
P500155,5.0,1,positive,100.0
P500151,5.0,1,positive,100.0
P502977,4.0,1,positive,100.0
P502186,5.0,1,positive,100.0
P502192,4.0,1,positive,100.0
P502237,5.0,1,positive,100.0
P501153,4.0,1,neutral,100.0
P502709,5.0,1,positive,100.0
P502448,5.0,1,positive,100.0
P405825,2.0,1,neutral,0.0
P503877,5.0,1,positive,100.0
P483089,2.0,1,negative,0.0
P503876,3.0,1,neutral,0.0
P481077,5.0,1,positive,100.0
P462383,5.0,1,positive,100.0
P481342,5.0,1,positive,100.0
P481993,3.0,1,neutral,0.0
P455229,5.0,1,positive,100.0
P482661,5.0,1,positive,100.0
P406656,5.0,1,positive,100.0
P395507,5.0,1,positive,100.0
P455915,5.0,1,neutral,100.0
P482009,5.0,1,positive,100.0
P504018,5.0,1,positive,100.0
P504411,3.0,1,neutral,0.0
P480355,5.0,1,positive,100.0
P480445,5.0,1,positive,100.0
P480354,3.0,1,neutral,0.0
P504594,5.0,1,positive,100.0
P504443,3.0,1,positive,0.0
P504424,5.0,1,positive,100.0
P504417,5.0,1,positive,100.0
P467757,5.0,1,positive,100.0
P474090,3.0,1,positive,0.0
P479696,5.0,1,positive,100.0
P470538,5.0,1,positive,100.0
P480176,5.0,1,positive,100.0
P475083,4.0,1,positive,100.0
P474941,3.0,1,neutral,0.0
P504882,5.0,1,positive,100.0
P476686,5.0,1,positive,100.0
